"dist","age","weight","ftworker","uid"
6.53652402596038,62,88.5663033399347,0,10001
5.09594073025597,36,94.156759642346,1,10002
3.40286472392417,23,57.8473438265747,1,10003
7.17786679681665,48,22.9727356227398,1,10004
3.73117530725423,42,89.2958624369755,0,10005
4.54354483827468,38,39.1201498476969,1,10006
2.88983440332277,21,90.8579748099403,1,10007
8.04676315537397,26,41.0668412403894,1,10008
4.23273204028463,45,54.8516448619753,0,10009
2.8090310504542,31,82.0693564420461,0,10010
6.56455712542056,35,66.5012968306311,1,10011
3.21487517559919,27,54.1330923932581,1,10012
8.3980394068934,31,55.4488120759665,1,10013
7.10919205773583,35,68.8619241506138,1,10014
2.94885581286204,25,86.6191951737118,1,10015
3.57865059227049,42,96.2763609848452,0,10016
3.09760936447016,27,64.4488374514697,1,10017
5.27959574483395,40,73.3031573906691,1,10018
3.16854353462641,21,104.187376456592,1,10019
9.8286339134379,58,81.5471808769691,1,10020
2.24455718317733,30,34.7681539427855,0,10021
5.06155631298534,18,31.8187087613059,1,10022
5.29671710501668,26,78.778683996733,1,10023
4.52925957156187,37,57.159717799277,1,10024
2.82297082396733,48,64.4766040193831,0,10025
3.85665316393335,43,84.525893198928,0,10026
4.98828992461134,47,47.1346348321958,0,10027
3.70786681452494,37,64.6453520783543,1,10028
3.309854955206,46,81.5780913558326,0,10029
7.66633019965505,46,68.5832787903679,1,10030
4.6577852321767,35,124.335896058552,1,10031
10.863158706128,60,99.5195071666912,1,10032
5.90039693834034,46,52.668177276957,0,10033
2.91780221794773,31,69.6984565631632,1,10034
2.9722599387326,23,62.3335501760583,1,10035
7.00997322989982,32,43.6973914517662,1,10036
4.45902122148264,45,89.493949964731,0,10037
6.36284883625944,42,66.0917957582363,1,10038
7.83793694123465,47,31.5997478553585,1,10039
6.70097789386914,49,77.6897142521961,1,10040
5.89364271974429,47,63.3907100478295,0,10041
7.5796952854158,51,89.9000301605474,1,10042
0.986983262990235,19,59.7483918596923,0,10043
7.43778895990673,37,32.0537317143228,1,10044
4.70912841866614,43,48.3189015285355,0,10045
6.67714559093907,44,68.5061350583743,1,10046
4.2760391189078,47,65.8937906877412,0,10047
9.03491540622511,41,98.2124638576717,1,10048
2.7511285093579,39,105.918879854993,0,10049
4.65542739076284,57,61.891793550544,0,10050
3.57443439238821,47,99.2824682073156,0,10051
5.36616475793538,20,63.3550094668913,1,10052
11.2777167919437,53,70.4676899643093,1,10053
1.30865226154517,25,23.979736723841,0,10054
7.81777729974882,38,62.0256464341827,1,10055
3.57013474995513,38,27.5988007640284,0,10056
8.31463843277009,65,71.1255948533991,1,10057
8.9937750026103,55,75.0751678166235,1,10058
5.03946707274312,39,60.8964234207326,0,10059
3.65763444408587,34,91.2813024707013,1,10060
3.97718882446844,41,78.5278908031441,0,10061
4.56134493272777,59,82.1297157755893,0,10062
7.2964880285208,62,45.6230862943182,1,10063
5.2864952217685,44,96.0215684401063,1,10064
3.29538617492819,29,78.5285704651569,0,10065
4.44425040183793,51,77.3979055775494,0,10066
4.01394225688373,41,53.8606817799104,1,10067
6.93106793652176,26,105.685286565346,1,10068
3.91278576747599,25,53.7473007533881,1,10069
8.96195689601741,50,94.7194388903599,1,10070
2.23415994613071,48,83.4789798399499,0,10071
8.43640305510638,53,115.861596454662,1,10072
6.10685799287682,46,74.6668873662034,1,10073
4.69393286849203,43,63.8331399839348,0,10074
8.4058793202464,60,42.9444212514666,0,10075
7.2687427939715,39,54.8257846006789,1,10076
0.730792475086837,20,61.9598220582592,0,10077
7.22646927359464,49,53.6486338797809,1,10078
5.43407500083454,41,86.6411975517334,1,10079
2.66017866067499,56,96.1345083591484,0,10080
1.16624953495913,22,57.3628494854937,0,10081
5.57232502845541,38,51.465006123054,1,10082
5.83598857601151,46,48.7429856937338,1,10083
3.82660658347319,29,72.169985298364,1,10084
8.28196980521378,49,56.8168447273044,1,10085
7.87146707610447,49,105.171502670715,1,10086
3.58511699401889,42,86.6304549946415,0,10087
3.43066445521837,32,74.2054087064827,0,10088
9.28503327256296,54,75.5932611738613,1,10089
2.67981567957115,34,66.8486940348396,0,10090
1.73932031197323,31,73.6868146133299,0,10091
5.7875065272682,39,48.8721117554126,1,10092
18.983399257589,49,59.7497616144928,1,10093
2.56548332349301,45,67.7505819408786,0,10094
6.5096354860706,36,123.457002181256,1,10095
3.36116250235662,42,37.5440911566901,0,10096
2.78893075063215,46,101.952165996197,0,10097
3.90117356707285,26,41.9783285087947,1,10098
10.0175796588373,33,24.3024967055005,1,10099
4.28084499118162,27,80.4126189358093,1,10100
9.10360712954708,56,97.9068092210275,1,10101
1.39739567858163,40,57.8980841548121,0,10102
6.12583172479274,43,69.3252218566529,1,10103
3.11105544228173,24,47.0457533588232,1,10104
5.27893667185963,31,70.4927028239282,1,10105
9.09832810149265,54,95.6909709252486,1,10106
3.76210033027526,46,76.7776186939769,0,10107
3.70610310349998,31,45.5811812535749,1,10108
6.79684438944224,38,27.9902651237411,1,10109
3.23620492805789,35,35.3318070101594,0,10110
2.19940678892142,31,73.3632073118272,0,10111
3.46881917813693,24,50.7621880225282,1,10112
4.9107919015306,46,124.739000256584,0,10113
6.76548059274441,51,70.7167417522568,1,10114
5.1839457689548,22,88.0862314139558,1,10115
3.46858351390009,33,65.8173333172078,1,10116
11.4558998699063,51,54.8998854437186,1,10117
4.04987672465482,34,60.3669472394164,0,10118
5.13557858523819,44,59.5902368485827,1,10119
2.69914082696599,35,45.8172652922347,0,10120
4.99569600271009,30,57.062600240206,1,10121
2.15951768242461,21,69.7212768453702,0,10122
4.53304433561676,34,53.3416195890221,1,10123
3.8119294965742,39,51.0410627422111,0,10124
6.30356486548139,43,79.8750909492301,1,10125
2.99864233247195,46,103.100584539587,0,10126
6.17360344421036,33,99.3644693121459,1,10127
2.54927670534089,31,91.5934030600643,0,10128
5.50316860753293,28,44.8874517228147,1,10129
10.3376225102349,53,83.3333055184422,1,10130
4.25557870255846,36,55.8534372575767,0,10131
5.71635131708904,27,60.0856253875986,1,10132
7.35133611408707,48,82.3714976264516,1,10133
3.00627215539288,43,84.1481109974137,0,10134
7.89624132408302,43,60.8974934251921,1,10135
7.59216219599371,49,83.6211121430691,1,10136
8.27578148288783,45,25.2668863993021,1,10137
5.35614840573183,45,48.2689684954737,0,10138
1.29910117852783,39,35.2130054731696,0,10139
3.7849028148408,46,100.215155898617,0,10140
7.28072489120158,32,73.3068492630901,1,10141
2.66930118526472,27,58.2431517893062,0,10142
2.77556164453219,37,56.7447064920717,0,10143
2.71282271079902,30,63.8630500609623,0,10144
5.32663159086504,37,54.440085653256,1,10145
2.59304744342688,23,119.124818548468,1,10146
5.83970297827122,32,47.6556551078014,1,10147
5.0764963546208,36,50.572486251265,1,10148
5.70928675312848,36,49.905639131925,1,10149
4.44745610761737,40,83.4707796188357,1,10150
3.96692257916688,30,81.5366633642709,1,10151
5.20627806513192,38,21.7771679283017,1,10152
2.07732756622042,20,45.8461080235973,1,10153
5.26345308542126,36,87.0104236781455,1,10154
5.11709093102212,40,61.8473182981508,1,10155
7.51743338670486,49,43.699358173726,1,10156
3.66069805642596,29,89.4798457839412,1,10157
7.36143447012538,50,51.7804649237949,0,10158
6.40374104816422,38,77.1546561054895,1,10159
3.90239440142089,42,109.694974676225,0,10160
7.52886447257785,43,66.120920508092,1,10161
4.8272653334518,39,46.3363869294913,1,10162
4.58185848976025,34,70.869393493008,1,10163
5.49700177669011,41,79.171035853405,1,10164
2.8745029463685,35,59.9684393156855,0,10165
5.5710111546933,35,65.2227033253735,1,10166
6.96930395428768,51,74.8106475550608,1,10167
5.09208344051522,28,93.2677151131933,1,10168
7.05366657639452,37,60.9216286749392,1,10169
5.53153701852004,56,73.1405692299984,0,10170
4.10964382954282,32,106.207430028394,1,10171
5.09781352556037,37,36.5873871295519,1,10172
2.87353284112147,36,55.2962013975768,0,10173
9.10317831935735,45,59.4749872437295,1,10174
4.12181137572611,49,105.15761959373,0,10175
9.57307654189976,34,126.438127669109,1,10176
13.9411346760899,57,78.2582977804329,1,10177
2.65301260850312,31,93.9435705242605,0,10178
7.69534918936088,46,127.980967903035,1,10179
3.37178794911251,31,91.9495521991372,1,10180
6.93235571119426,44,80.7662816090849,1,10181
6.82948645244997,36,75.5958283068222,1,10182
6.25193520564969,40,80.0165055860585,1,10183
4.10069065779582,24,91.7351943184366,1,10184
4.00338688227263,45,85.3024644344134,0,10185
2.2017607332586,28,55.0623427590874,0,10186
1.71980525538386,42,109.546021580639,0,10187
3.8392099002407,33,59.7353268342934,1,10188
3.1586351151308,21,81.9690142426759,1,10189
9.52432130494713,34,91.0816451163274,1,10190
4.71246526011889,26,50.1063551116976,1,10191
21.2943648265029,60,75.0238324125635,1,10192
8.78570913353073,50,70.5004731011256,1,10193
3.49005414630491,38,56.3873330347306,1,10194
2.9887318462686,24,72.7140784889713,0,10195
4.05570950484543,33,60.1038163350027,1,10196
6.81349802649814,45,84.2670077288797,1,10197
3.55199651644667,40,110.484375491298,0,10198
4.40755047016726,30,91.4920145887525,1,10199
4.79624745319017,24,46.4977261590651,1,10200
5.96344084140687,29,93.9198182180628,1,10201
3.73208637503638,31,66.3461412236748,0,10202
5.17409128272991,51,79.7896745824043,0,10203
2.19864684093574,28,94.435203521431,0,10204
5.63687220112681,40,93.8768068568341,1,10205
7.86142973889393,42,47.0266367486128,1,10206
7.69007267610116,42,36.1638476197185,1,10207
3.02791341078332,19,35.2780066638551,1,10208
2.79276486076997,36,39.8191560056977,0,10209
1.11949177652092,22,97.1844189751095,0,10210
12.6750482974041,41,88.2795781670081,1,10211
1.64328471517256,29,84.2919778616007,0,10212
3.76741006956619,43,99.8918753054985,0,10213
11.146588973093,40,61.8409942555523,1,10214
4.61651671536764,37,90.7353931466788,1,10215
4.04289157428564,33,52.1759613768184,0,10216
5.43334272766592,39,85.785459366178,1,10217
7.31634302636295,26,47.3901347088622,1,10218
5.9963416766081,22,70.740400071769,1,10219
6.97113999409474,30,81.1989129764988,1,10220
2.91208948765838,28,75.4027452337587,0,10221
8.67621618534077,59,81.2341149109738,1,10222
2.16890558314601,40,41.1683246859649,0,10223
7.52404927421958,66,52.1536741502664,1,10224
5.88184553840088,25,60.4046023355341,1,10225
5.41689192771318,41,58.5107099911736,1,10226
5.59427168171583,49,55.2536594907725,1,10227
3.95544651298778,35,75.5031540024931,1,10228
2.52783140235756,45,88.8561040862955,0,10229
1.9346405186369,33,68.2097535291154,0,10230
2.93957361159623,25,58.2153635239479,1,10231
5.01364550521514,56,62.0525352983963,0,10232
7.66540693754661,48,61.7031125020286,1,10233
10.3611659343154,49,70.7732661060144,1,10234
8.96298446495525,39,70.7304995709732,1,10235
4.15220910040033,52,64.2217548727374,0,10236
14.4421167059927,42,41.5462933411212,1,10237
2.4885568065623,38,87.888568391069,0,10238
2.00250879367134,35,91.5538265678787,0,10239
7.53791044482376,44,68.5859807261945,1,10240
18.497489616257,66,81.8982200937898,1,10241
3.09744053621069,36,50.1566579727921,0,10242
1.73480785414517,18,42.4449416121681,0,10243
3.99062960703769,22,67.7446014255242,1,10244
18.2756956239681,64,60.8960797730116,1,10245
6.07565681219817,53,78.465124520323,0,10246
1.88945368783894,19,92.4718707412109,1,10247
2.52459914226478,35,100.439365152982,0,10248
6.53298749322792,34,95.8368541454182,1,10249
10.9254031780532,65,63.3351203240955,1,10250
4.58768932405787,31,68.8471083417613,1,10251
3.1878829380111,23,27.3276225807606,0,10252
9.4306478578799,42,63.3975955150549,1,10253
1.94863234193205,42,88.4464929816508,0,10254
5.06291672823015,38,65.6161442055545,1,10255
4.10645327239112,61,56.9349005586234,0,10256
8.46435036977475,47,65.0103448084452,1,10257
4.13470010504717,51,62.7399673663961,0,10258
6.04288216820808,32,52.1486027771987,1,10259
7.53058217996529,37,78.324143930821,1,10260
7.59998264254917,56,64.9419356197484,1,10261
5.11404763101288,32,76.7107595389201,1,10262
4.26933429371831,22,70.9218643474074,1,10263
3.10554024642349,31,56.8627394085342,1,10264
8.69850015555066,60,78.5399839604014,1,10265
7.05144873733767,42,77.4091332593184,1,10266
7.10494149990617,36,89.9784626378554,1,10267
7.73799728849489,45,81.9459359382035,1,10268
4.42520859918633,54,65.4994837856448,0,10269
10.4321631512748,50,46.6889379033202,1,10270
3.70666283826702,40,70.8537824892358,0,10271
5.89337906179242,58,68.2202062222622,0,10272
5.36884095184739,53,88.5611780377304,0,10273
1.24705781829328,19,67.1874871408424,0,10274
6.23255481137663,66,76.2001618519321,0,10275
5.85383247137534,37,73.3526675052192,1,10276
12.5560571289247,36,72.9409789571325,1,10277
6.35127080521515,53,70.6915953379324,1,10278
3.30086136814026,31,88.0148213669333,1,10279
5.74488414309269,49,66.7093336707883,1,10280
7.59383417825076,38,62.7995462186263,1,10281
5.82522524622094,49,84.3956054544655,0,10282
4.0159289381738,52,39.9157486891972,0,10283
5.01675394581101,50,109.329403994465,0,10284
14.0376208453717,45,66.2492346160151,1,10285
5.30418041883849,32,42.7094088491651,1,10286
5.38583983041846,41,84.7873436676491,1,10287
5.54181044430934,47,82.7625047871256,1,10288
4.09778773150238,31,73.4406019093463,0,10289
6.1545347348811,36,51.1464243810731,1,10290
6.33981617774017,55,50.4926204864084,0,10291
11.3423002773025,54,84.3209507485052,1,10292
7.4596214451348,40,66.8174127822181,1,10293
1.41820651896478,26,53.9840906941739,0,10294
3.24987181709371,36,59.1775405130726,0,10295
2.49499995847268,34,89.8104224888362,0,10296
2.28217431982067,38,62.5264844322997,0,10297
3.39148043305366,23,28.0052803422642,1,10298
7.99312612605518,46,78.6696767812994,1,10299
5.88938685134295,48,70.1293591192507,1,10300
4.0317240737203,43,94.128513255604,0,10301
5.42726512869445,37,78.6622594485142,1,10302
2.67584102320492,46,69.8153600353655,0,10303
6.48215448818313,29,52.2166707898695,1,10304
5.04631001556223,33,100.228011414916,1,10305
5.79961247811682,46,70.9447921817431,0,10306
3.72409948507389,30,100.08803128502,1,10307
3.35109151653283,39,73.4346914114609,0,10308
5.68448567868894,44,66.357050785887,0,10309
6.35746716771176,43,77.9405911789508,1,10310
5.7708355450515,36,62.5178138673759,1,10311
3.57447134827546,43,90.0202326182753,0,10312
2.35184141061254,34,95.3309079223416,0,10313
3.5250567085567,27,61.9580312714353,1,10314
3.63566261241957,20,37.0978160496655,1,10315
11.5333751754249,46,67.5772831892724,1,10316
4.51866380203121,45,68.971163891582,1,10317
6.38394526486595,46,94.4979442279123,1,10318
5.73906263365629,37,30.7197717542884,1,10319
13.2911379829669,60,73.8349933431557,1,10320
3.68852937431677,23,62.2074384540689,1,10321
7.63977897538732,53,75.0057850764709,1,10322
4.58123286500535,42,80.3619333745598,1,10323
6.43189093815124,29,76.3734269619477,1,10324
3.07164859768192,30,91.9326658797594,0,10325
17.2537684524278,43,46.854253474283,1,10326
6.48960624318722,44,47.4719850779307,1,10327
3.6072983612836,40,51.4161737884709,1,10328
4.75555026431465,33,64.3667621188697,1,10329
4.94105546149198,44,67.5559729759169,0,10330
3.8482035503285,33,77.769632284713,1,10331
3.20127483429925,22,84.058840871333,1,10332
1.86674746114461,39,71.2220716695068,0,10333
8.35067895168158,53,88.7178982428374,1,10334
2.27184549260431,30,73.3763864269221,0,10335
6.64980089247287,48,43.7441128894039,1,10336
4.8722473385127,50,83.0946567980674,1,10337
2.95797576429493,46,118.298008559365,0,10338
9.88714979511417,52,79.0061344494407,1,10339
2.37123561744297,45,46.8768680906483,0,10340
3.32620819386157,42,74.6484179374475,0,10341
7.19531582875558,42,119.052721552441,1,10342
5.29779628493656,38,23.8217320512049,1,10343
3.4251747768811,27,65.3340475408254,1,10344
16.2327916819942,67,88.2092911331367,1,10345
5.88932815351079,34,65.5249445505585,1,10346
2.51604458866724,38,89.3468477781587,0,10347
9.1262312726449,47,80.7362803835642,1,10348
3.84207482185785,45,70.0735084247128,0,10349
9.18784137410182,36,77.7921856593908,1,10350
5.74607997156554,46,86.0827361297133,0,10351
5.81252873549565,38,58.6900900389657,1,10352
0.970361774949982,28,54.3669732013659,0,10353
2.09004537877101,30,99.1354402760685,0,10354
29.2832541479475,55,100.540710990129,1,10355
5.78091865858167,45,81.6954335996853,1,10356
10.29678127075,62,54.0306775001452,1,10357
4.49751369948932,56,78.1478859174843,0,10358
6.10847700312742,32,61.1266043379448,1,10359
1.29189065389107,34,95.1099359030459,0,10360
8.66522131446519,48,73.6230113069089,1,10361
2.43042825845672,37,61.1677006778923,0,10362
16.6889547268144,44,67.1752464292073,1,10363
6.95791331085688,26,106.492317528829,1,10364
4.23753559122586,41,106.968817072059,1,10365
8.39483529937463,68,64.0540468915242,0,10366
11.6597994299101,65,77.6714178767702,1,10367
3.49524494468234,38,48.627369359121,0,10368
1.18923363795742,44,70.9659112501953,0,10369
4.45866104595243,43,60.3005776380204,1,10370
4.29560119877381,48,52.1618214726222,0,10371
2.54738171922182,30,56.723166218982,0,10372
5.11873931155787,40,72.9499206275206,1,10373
6.47585319550411,48,82.4401379062601,0,10374
4.61618400629222,57,62.4440872087095,0,10375
4.03840764708698,27,76.1504660864641,1,10376
3.75377368114278,50,61.4829811016579,0,10377
2.39853795935113,30,26.3117242466461,0,10378
5.97053693928206,36,68.2273376461289,1,10379
5.46834736249346,36,62.7957627009848,1,10380
3.23806654496493,43,81.6158093196962,0,10381
5.78716664073138,49,70.9257973360803,1,10382
3.57877083630516,45,30.1406513864607,0,10383
5.80538516266931,37,35.2703605704649,1,10384
9.89151772323261,55,88.994824631849,1,10385
8.4057577108611,43,85.1649464334203,1,10386
2.32258110421295,22,46.2003471056799,0,10387
2.85092991212158,21,55.7940557617691,1,10388
5.3637592676542,35,47.9925480397477,1,10389
1.61787743585144,32,84.216470099633,0,10390
1.90243016439353,35,74.5828848070177,0,10391
2.29953632145669,48,72.8530647730304,0,10392
3.51056027884173,25,54.2767640171366,0,10393
2.39724631201766,29,59.3723992557446,0,10394
6.62505290348745,38,69.2853089309806,1,10395
12.8789103067493,48,76.401408251497,1,10396
2.01793007224698,23,92.5333178321588,0,10397
6.16881012494349,32,65.8608121321177,1,10398
3.59147286412655,34,80.0625126401196,0,10399
5.80321894208918,34,71.0378121871871,1,10400
5.24828151796111,42,49.5630406204559,1,10401
9.11060264685881,55,50.987817577571,1,10402
2.85782638171763,23,56.7502266864751,1,10403
10.211052019107,51,81.6329523862648,1,10404
4.53709516751394,52,90.0076183559369,0,10405
4.77333253203228,46,91.1654546620672,0,10406
3.98720753516629,16,43.7400964656528,1,10407
7.87600299647219,51,62.1705654484447,1,10408
1.00202388384998,30,85.1283633774613,0,10409
3.67289456919716,36,49.9265650901023,1,10410
5.53251884286987,37,64.5992298045997,0,10411
4.68051474764085,36,84.5459703138154,1,10412
8.0068813936709,45,83.9133037094696,1,10413
4.6150761185652,35,35.1439118084824,1,10414
6.81454095554253,56,70.645605824962,1,10415
5.46271472384024,45,59.1663130046368,1,10416
8.14226535634497,41,98.9617349847828,1,10417
3.20653768801117,41,84.0106876245598,0,10418
1.55090968844978,48,37.2902081467096,0,10419
3.6392406196258,35,51.9993276504538,1,10420
3.3217491337854,39,62.3000789385239,0,10421
6.32916030445831,22,50.5424259043291,1,10422
4.08225392587989,44,68.7300629267695,0,10423
5.84776719489593,52,74.4662151674068,1,10424
3.49282088458394,30,68.2083998820345,0,10425
8.08071605819269,64,74.5836581658488,0,10426
5.97716029971345,42,83.9009876540481,1,10427
3.180704242241,37,51.5432312728431,0,10428
7.84939655269804,33,65.5515965265277,1,10429
10.5399432917581,48,62.1580357578039,1,10430
1.32485448282117,17,71.4290058576478,0,10431
3.76263802811471,36,64.6078705724936,0,10432
5.07468244305974,54,79.2284253548691,0,10433
13.0368430950725,85,47.5121167723746,0,10434
3.73659019575947,24,67.343064821593,1,10435
8.4327332046707,38,54.9519249980674,1,10436
6.36782080914521,42,87.075270451236,1,10437
4.72144024266965,37,66.9752327762126,0,10438
5.50818133880859,42,58.8576454588842,1,10439
5.51386852933204,31,67.2606036312969,1,10440
4.34724666810881,58,68.6673514078859,0,10441
1.74003074242797,38,37.6891999293642,0,10442
0.89872547377444,28,61.8011559328113,0,10443
12.6567544892341,35,48.3117804862033,1,10444
6.59639825879364,39,39.0501554951543,1,10445
4.86717894696715,45,93.7952588629992,0,10446
4.8143398438978,36,66.771953956839,1,10447
7.01475269959015,38,78.0140480053681,1,10448
9.31630513700799,47,74.1733116781666,1,10449
1.50428687443252,18,54.9654080630892,0,10450
1.57755312494157,25,56.0251969240234,0,10451
11.4013559378265,59,87.9889699361884,1,10452
3.23426058931206,24,103.131180135743,0,10453
1.26999490672459,17,61.1957200878972,0,10454
4.83315957708584,36,61.0154919965852,1,10455
4.35849239988227,36,47.5956483768132,1,10456
1.90294320042673,30,55.4867687010648,0,10457
2.44817451354845,36,56.9985970740935,0,10458
13.5696603288543,50,65.2890852456183,1,10459
2.32923118637729,30,66.0616527612882,0,10460
4.0551621375011,40,44.3237211302193,1,10461
3.51452828735871,22,62.7246864525601,1,10462
3.33555195998501,34,60.9687755267706,0,10463
5.4932844894471,38,97.0489991640689,1,10464
3.950918870613,38,101.425499733657,0,10465
2.85789318598396,43,75.5406073505436,0,10466
10.2895030317663,51,83.6762121938634,1,10467
5.8639906187099,30,117.381761100143,1,10468
7.92820366921353,49,135.684148625309,1,10469
7.37983445457931,41,76.9998407284254,1,10470
3.87952775262173,30,81.5235179167088,1,10471
6.15121366112775,28,78.4584558163196,1,10472
10.8097413410978,49,67.4811278140602,1,10473
3.90942984148223,44,68.0936623004421,0,10474
2.94968001158346,34,38.1122559309887,0,10475
2.72322918648262,35,103.639680509456,0,10476
4.56212511130866,39,86.0835145420109,1,10477
4.77357944540891,46,62.9623659336716,0,10478
2.27544622202386,33,88.0386868364475,0,10479
4.96742348964639,23,55.9166864685307,1,10480
3.75706354398575,35,85.4699748943016,0,10481
3.70550573938965,32,72.9706120089837,1,10482
8.48010790793103,42,79.7658320733411,1,10483
2.01038721248449,26,72.8644468590566,0,10484
3.79142761914601,48,72.4463910179258,0,10485
1.49679308488804,49,105.756531471093,0,10486
4.5554435829263,52,88.3444904204326,0,10487
3.20021762401816,19,54.4998349727257,1,10488
1.01925715192953,17,79.8204212631802,0,10489
3.85898590389236,40,87.474863737665,0,10490
1.95117313109188,24,83.4565741901347,0,10491
4.80889650697232,44,91.1822696350918,1,10492
6.51234019502519,29,34.9941883622664,1,10493
2.91426342062263,28,61.6182480890507,0,10494
5.75618103885308,34,39.0693285267814,1,10495
2.9596466835032,41,83.3510824731904,0,10496
19.9620207218105,54,23.9788624711853,1,10497
5.2157663813894,35,49.3082006248711,1,10498
5.18432363990328,43,75.509659533136,0,10499
6.36341141787298,58,88.0382668796348,0,10500
6.41197569612702,28,57.2910399022622,1,10501
5.88130973025802,36,111.387300164743,1,10502
16.4902733917768,59,68.1687710084766,1,10503
3.61816968806894,37,64.3477425283948,0,10504
5.88153013394723,59,91.3998343514557,0,10505
7.35236260845506,55,89.9570331622152,1,10506
2.51766937038614,24,52.8654501956984,0,10507
3.80791773004038,38,68.3890698447529,0,10508
5.1123178088307,32,36.2310517181434,1,10509
3.63694630188835,40,53.2375571135082,0,10510
6.67703363791313,47,21.0363851426727,1,10511
7.73531543423392,38,62.8372477480531,1,10512
3.80984801575261,27,35.1903981052013,1,10513
15.81961380429,69,57.437366747664,1,10514
14.709107279242,53,58.1119469689786,1,10515
2.46003203273082,30,88.1789972408801,0,10516
4.28958764571655,60,64.5196071475917,0,10517
3.62924988729794,25,80.012462030374,1,10518
2.50035221273478,41,103.387003577252,0,10519
3.60831279145848,46,94.8811360470996,1,10520
4.96138262073034,34,48.7566331460474,1,10521
12.3810258541317,46,65.0436522101699,1,10522
2.82605275241144,41,42.4089464437219,0,10523
3.63608307936064,35,44.3568892151196,0,10524
5.59770379937327,41,88.9418432402671,1,10525
4.43417604027397,28,35.6050588461064,1,10526
4.11657220507689,24,44.4639348434319,1,10527
3.06569984386238,42,52.4213973850983,0,10528
3.58897943612172,33,80.8698568294555,1,10529
7.89140922795837,48,61.0634578670392,1,10530
9.32305660378999,54,47.1193413029778,1,10531
4.37366632069654,45,73.3165325668782,0,10532
8.3135669665963,50,105.434211682049,1,10533
5.04592545613727,61,67.7822315546917,0,10534
8.18668007093309,56,81.2710049551776,1,10535
6.27187684659099,46,65.3701927150071,1,10536
11.9182370414376,53,60.0971750838294,1,10537
7.05887905921425,45,54.644145138307,1,10538
10.6107231669626,38,97.1130343484653,1,10539
2.77612147555159,26,63.117073873591,0,10540
1.47511891034634,22,53.504421350273,0,10541
4.17650925162907,20,57.3113680831649,1,10542
3.53670766900921,31,85.0089776808727,1,10543
3.5051284270805,20,79.0279779382534,1,10544
3.95363059535356,47,79.8806320851174,0,10545
5.51670959651125,48,73.7668722542883,0,10546
2.90267669761505,34,60.7916349344237,0,10547
6.5293730525281,41,57.0281792126464,1,10548
9.13677612132351,54,77.4797336956415,1,10549
12.0451263781866,52,88.2435607716233,1,10550
12.0654933134272,45,101.748273204236,1,10551
6.73806339679533,43,74.5807673376663,1,10552
3.24311415490094,43,86.2635747675808,0,10553
4.78951847562112,53,80.693930875334,0,10554
1.82910301793414,32,113.198601116421,0,10555
2.06666430169568,43,65.2818886078426,0,10556
2.96514614278142,34,75.0057062119781,0,10557
3.77888137564371,30,70.8804699222719,1,10558
8.89721542162584,21,55.3294992459731,1,10559
9.66328515721367,43,22.696223868698,1,10560
3.45361453553476,44,94.1361318547237,0,10561
7.69356363980194,43,51.2218055155839,1,10562
5.29542724574861,34,57.7831430393804,1,10563
7.05967216699434,47,43.1749330863886,0,10564
7.11453514467671,43,140.107153907673,1,10565
5.27733954683369,40,85.2221384504165,1,10566
5.52683600989321,24,58.1498717764404,1,10567
8.94846692173152,52,109.530858327566,1,10568
7.26410104504473,48,38.000040109763,1,10569
5.69593767080984,56,54.5909715843028,0,10570
2.8007026481597,37,66.9803614277309,0,10571
2.90874321635706,24,82.7691058636963,1,10572
6.01870951146859,36,90.3796139481765,1,10573
3.52940809672763,37,89.4565605831262,0,10574
5.4575543891877,37,59.7463645295585,1,10575
4.70588867995487,33,60.3895836137136,1,10576
3.54735128758112,43,36.7037619033746,0,10577
4.84726417663233,42,86.0919622851445,1,10578
3.4067779257318,47,72.3282708263404,0,10579
2.77693109900363,28,62.5233906145616,1,10580
4.49644815472531,37,94.0184930867487,1,10581
13.7548585918414,56,84.5404740500325,1,10582
5.30859247876615,63,64.3148874040001,0,10583
2.36513029487535,32,75.1737966312983,0,10584
3.65861897600349,29,93.1390194315385,0,10585
6.06195540680658,55,62.5366174604528,0,10586
10.7694053519955,44,70.1735563974534,1,10587
4.96980762522273,41,45.5816569685388,1,10588
4.05146666752871,47,121.794719092673,0,10589
4.29114391857659,36,114.49975503085,1,10590
7.19672232782711,37,52.6319269089935,1,10591
2.30730034083723,38,85.8829424396303,0,10592
4.03267357884364,37,73.1587506310953,1,10593
4.26134983046991,26,43.1869782498783,1,10594
1.97848605647408,26,92.1543486788521,0,10595
1.9828641628778,29,48.1190393100254,0,10596
2.64818735242358,33,67.717540779946,0,10597
2.53203872778536,35,76.0576640104102,0,10598
1.73100531437131,18,75.9466944508675,0,10599
2.34896899711478,37,40.2844703412839,0,10600
6.31322644907743,28,65.5173128904277,1,10601
5.44106219505313,49,78.5733235789715,1,10602
3.44450378286884,20,23.7513094508792,1,10603
3.29540338150335,47,111.40101431707,0,10604
8.64645397756667,37,64.7680128624896,1,10605
6.40587940832157,43,42.0241646594768,1,10606
19.0505664033115,53,78.8277418336976,1,10607
6.38218296332879,53,93.6156234100033,0,10608
3.62158806054629,40,56.008688462577,0,10609
11.4492781903163,55,87.2996264859419,1,10610
3.78999920964632,30,60.6637865508184,1,10611
1.58513026713784,19,36.2271995233355,0,10612
5.70978963503995,46,83.3461853894545,1,10613
3.92398472091509,44,112.801163731586,0,10614
6.66968633714969,47,63.622417472106,1,10615
7.19176577852635,41,62.1135310577905,1,10616
11.7118339550273,63,71.0029098674327,1,10617
6.54168463852927,45,89.5306460963182,1,10618
6.26075124297805,40,59.2660667034419,1,10619
3.71404507512507,35,79.6391274000725,1,10620
9.55499413837236,39,100.052196907658,1,10621
8.90428829999016,40,95.4848994219466,1,10622
5.67497214201025,48,46.1050159430496,0,10623
7.91605951394108,39,70.5046009056182,1,10624
4.12580092430535,34,99.7289720916257,1,10625
4.24255763635889,40,51.7422020643262,0,10626
2.31029397304069,23,110.961546437111,0,10627
3.16253248084653,34,82.1776017752494,0,10628
4.7925233806394,28,61.8933527179736,0,10629
6.38073405823842,47,79.5738446704997,1,10630
1.92017699234613,43,62.0691329902251,0,10631
5.4995073459117,33,78.8266717873205,1,10632
3.14518555903594,23,36.4470574952987,1,10633
3.04359630733123,31,82.3163360635028,1,10634
1.57669128999821,32,106.991035075162,0,10635
1.22728594834361,27,79.1016963938588,0,10636
10.4398869369879,32,51.7452968745058,1,10637
1.81053255192099,38,55.7725469489575,0,10638
3.52431464544549,22,79.9015140712773,1,10639
2.74778786584285,25,85.7253286319882,0,10640
4.44639196186036,40,84.5182138587908,0,10641
5.98728871101365,42,53.6964244494498,1,10642
17.1600473405392,55,75.8155610837176,1,10643
7.30894860856856,54,59.9161524258639,1,10644
4.93555293914398,57,60.1689761347007,0,10645
3.80937827708732,31,69.9832037657437,1,10646
6.4162634744959,52,65.3869428190225,1,10647
3.28463422952571,39,77.6208268286527,0,10648
7.14650628230067,41,73.6092719990269,1,10649
7.53039535156362,48,69.9052753764046,1,10650
3.94547625770996,27,35.1049781117275,1,10651
6.75226606170434,38,51.0114318532035,1,10652
4.29098690169897,40,74.0081066817397,1,10653
13.0640947752829,59,93.6056494395641,1,10654
5.08158454254812,35,63.0705031295125,1,10655
8.52697203973967,49,25.8667255923067,1,10656
5.77042776507396,47,63.030132863959,0,10657
2.02218887122713,20,87.9310141606764,0,10658
7.53941762515877,32,43.0324143920732,1,10659
1.8171663579019,36,104.837499834146,0,10660
5.68767897237076,36,40.837649593111,1,10661
5.05392257473968,39,63.1842894973341,1,10662
5.96864242537779,49,62.2132745600543,0,10663
5.15599109336265,33,48.3834524725907,1,10664
8.20514993675816,52,82.9921603352766,1,10665
5.83986642233275,54,64.0628882427776,1,10666
7.40400077421575,52,71.8384428137428,1,10667
1.25944667549699,16,65.3673809619186,0,10668
3.35874266599317,36,65.5900011493336,0,10669
9.26287353071554,65,74.744654803567,0,10670
6.14257667007528,34,59.2573721867844,1,10671
5.52490836811315,53,78.8576909504077,0,10672
11.375474285792,48,83.5588918548267,1,10673
7.03879101792743,39,64.0097984155448,1,10674
9.25050474202679,37,69.6013055936176,1,10675
4.21326010817626,46,102.668356571342,0,10676
4.82175033567418,40,91.6100287942458,1,10677
3.3272550594047,44,83.2900873146718,0,10678
2.58255784299331,25,35.5019262599233,0,10679
5.13347328208998,63,61.6689210502297,0,10680
3.57857692196781,32,41.2079626389754,1,10681
1.48348632125509,24,78.6927916699922,0,10682
5.75115856238307,39,92.0055330836081,1,10683
5.44193978628514,47,82.7151237034747,0,10684
1.71232084474757,18,80.4879134315542,0,10685
7.7912004105957,41,69.3787279273098,1,10686
4.95500901396769,33,48.191215538316,1,10687
4.98065753861361,20,105.207560880587,1,10688
10.7604827593943,41,51.6308319425634,1,10689
6.30437327535888,41,127.492017831215,1,10690
1.86807834256197,23,81.8663364412595,0,10691
12.7222102101371,62,61.2237070898115,1,10692
8.46802297067773,51,45.4847249846788,1,10693
6.68262989471778,40,89.7373648222883,1,10694
4.65934956888525,33,48.8588431177759,1,10695
1.33869433536864,32,117.637181934089,0,10696
2.96757023035547,40,71.2188535865088,0,10697
3.25500448333396,19,59.4517048881585,0,10698
5.42871931688876,25,77.2593630255711,1,10699
8.13248188817428,48,91.3907168891002,1,10700
4.04870006090648,37,68.6854022911781,0,10701
5.25903027435963,40,63.116948478681,1,10702
11.229869276666,48,52.6131862441917,1,10703
5.28470933500231,39,91.3570810918051,1,10704
11.2937504487454,35,62.9865284186104,1,10705
5.43562047719407,46,78.4417566376428,1,10706
11.5434028897741,69,46.8541610721694,1,10707
8.07288136510787,34,107.2789797568,1,10708
3.09588197448799,36,55.8361545272069,0,10709
5.47426201527987,34,25.5183487853185,1,10710
9.67876434698578,54,49.1135331392791,1,10711
8.77275045977261,50,79.3866724442429,1,10712
5.24306147852835,33,57.8929375980317,1,10713
1.99213690498607,36,32.4007933830577,0,10714
5.42976249186873,41,86.232142983588,1,10715
2.00798923389734,34,61.9735715084769,0,10716
6.44943691710792,38,79.5204480317462,1,10717
5.03300152566595,50,63.7865276196631,1,10718
6.85698188539255,42,67.4889868875557,1,10719
2.71164725256722,31,68.808244574177,0,10720
5.87882666128382,41,82.7225129613019,1,10721
11.7308550016508,48,63.8207987997388,1,10722
1.93215692276886,23,75.3918826350171,0,10723
3.43572892812073,20,39.6590252393026,1,10724
6.0954339382019,34,73.287416824632,1,10725
10.3719039910785,32,43.2975784072776,1,10726
3.00830045228334,46,69.5250729843298,0,10727
2.41761858472125,27,123.624703516661,0,10728
4.68104774224636,35,76.728576000396,1,10729
6.1316401772353,49,47.3875853370355,1,10730
2.74972423335323,34,45.030647663641,0,10731
23.9920281610765,56,67.2870253244555,1,10732
3.68833042339337,24,83.8794655306072,1,10733
3.20527558041635,33,87.320500882904,0,10734
1.9636251552004,40,72.6986636848239,0,10735
2.33684494072489,43,54.6672697036499,0,10736
3.17456449630469,42,77.3137312862643,0,10737
3.93383462749355,41,43.4387268175335,0,10738
5.08787877098585,46,71.3159151066858,1,10739
3.11844726389607,32,90.8512741239707,1,10740
2.4737541610876,26,77.1435737057494,0,10741
3.12767155353012,46,115.552891991328,0,10742
3.22863009996865,25,70.6602101911342,1,10743
8.26853276326728,45,64.4336917254763,1,10744
7.03723119161077,49,56.712141048313,1,10745
3.36388442822584,41,50.1631301069638,0,10746
12.0838651345647,51,54.8958995175682,1,10747
5.58438106377523,35,59.2845141468869,1,10748
5.82439035840998,53,79.0704764412084,0,10749
4.47796812044714,45,90.9925593016755,1,10750
0.893723205965258,34,53.4514520602821,0,10751
10.312768652013,43,44.4265750612344,1,10752
3.90401871917193,41,47.7486651882533,0,10753
6.25609496328888,46,85.29906702706,0,10754
8.06841842263854,42,95.6403861401614,1,10755
5.22083555071421,43,51.4879685325549,0,10756
2.4705468133374,25,80.8863964027407,0,10757
5.97301957852722,43,96.9387951252553,1,10758
5.67166303140126,62,76.397578013579,0,10759
6.46330020863687,35,120.430306506287,1,10760
18.3326268246743,49,51.9425358447244,1,10761
7.51310533179322,51,87.0623673402747,1,10762
5.9326585718278,45,116.986365320999,1,10763
4.5545264707704,53,63.1138643793977,0,10764
6.74451557152696,41,51.1434137389598,1,10765
7.12499472712713,30,84.9741014731542,1,10766
11.7486222709835,46,70.155649828189,1,10767
7.51836991968924,51,61.0760366586312,1,10768
3.80364604821374,31,63.6173863983569,1,10769
4.21098697930175,48,81.4528610552916,0,10770
2.59534952364024,39,74.0742471902367,0,10771
7.40599134674198,39,89.6862821278049,1,10772
3.49041549877435,36,67.2872840879468,1,10773
6.87355181708049,50,87.3615431595399,1,10774
9.55201525930468,44,77.2298726576022,1,10775
2.49723564745825,26,104.499627282419,0,10776
6.30070050838799,27,78.7109237430121,1,10777
7.9384023848785,63,94.7777155049249,0,10778
2.33879479603297,28,92.4616810785835,1,10779
3.01317945927721,29,58.0970349287867,0,10780
11.1788620822533,57,72.2185320409938,1,10781
2.51362529694238,28,73.5768761792463,0,10782
9.01362112582207,47,51.7772716791878,1,10783
8.40105304500111,42,102.054349109862,1,10784
3.20674370710616,49,72.2103962834238,0,10785
9.54865825039084,52,101.035795953449,1,10786
6.24907341198336,21,103.088158207595,1,10787
2.55327334427602,33,88.9689940416312,0,10788
9.39994352604996,43,65.6341212775842,1,10789
7.08635273852116,44,89.4448056896589,1,10790
3.51871216697203,41,78.571064093718,0,10791
1.8955744435512,38,62.9767539713785,0,10792
2.60028651024446,39,60.3663542656915,0,10793
3.5602126640982,21,63.9515612902281,1,10794
6.3577617175349,47,106.532347327182,1,10795
3.34229046278874,39,73.1558156059559,0,10796
7.82470342276813,60,44.9176194196192,0,10797
5.77629433930412,66,56.6305623871112,0,10798
3.6532553040719,25,46.9246186341429,1,10799
3.06810259125499,31,88.0409810459711,0,10800
9.67768817598856,59,76.0999791560927,1,10801
5.00081023571543,38,95.1186814922017,1,10802
7.50109172194148,26,49.0210717849802,1,10803
5.60964781441298,43,42.5705877118657,1,10804
11.0529063973678,43,95.4375352101618,1,10805
7.28309477934784,53,63.2570284906287,1,10806
6.0408199206478,32,84.9892634149812,1,10807
3.53068308867267,52,73.670251677778,0,10808
2.80504152115444,22,52.0732919950312,1,10809
8.07195682216086,37,57.6643315458905,1,10810
3.1643104503143,37,88.0735538670545,0,10811
2.52192797419175,44,77.1986472422637,0,10812
5.39565685568323,51,81.268833534192,1,10813
11.5588536275179,50,71.8839840872719,1,10814
8.45190028621759,48,85.4179619893247,1,10815
5.27651421012061,18,75.5170421252221,1,10816
4.50256819947663,35,80.2415289783246,1,10817
5.17251748665545,40,57.008432895979,1,10818
6.32335390777186,49,79.0316523254944,1,10819
10.4672090595206,50,80.2945597585131,1,10820
7.21263459716866,46,100.781495959791,1,10821
9.57263712559675,45,61.1325608431775,1,10822
13.1233770401106,61,57.8041733899838,1,10823
3.2400215096438,37,89.0923857415756,1,10824
9.18031587258572,44,66.816486778257,1,10825
4.91549491319176,38,94.7908445870061,1,10826
8.55572844891699,47,75.0370420497332,1,10827
7.07353539468436,52,40.7997936390376,1,10828
5.8509544513079,41,69.8501598164321,1,10829
8.84318729990398,23,71.7245078954023,1,10830
2.20288458192827,36,77.7944891664067,0,10831
4.20869105387859,31,70.3943204944994,1,10832
9.53716416443133,46,65.094713946475,1,10833
6.34551263412158,41,76.395145787681,1,10834
6.76083160301192,40,77.7675565042704,1,10835
3.20414900348838,35,71.2406168456748,0,10836
3.36732897156389,44,94.6785809303175,0,10837
11.5322205980918,58,80.9209724516301,1,10838
2.403814392003,46,48.2708894054056,0,10839
12.1396363488226,51,76.3564178834119,1,10840
2.39653443921016,19,85.863381622812,0,10841
13.7501503583755,44,69.2215132801972,1,10842
13.1417763702527,61,66.7620697525005,1,10843
8.83843481743182,50,57.3498497860056,1,10844
3.6819656356375,32,92.2915767133824,1,10845
4.15710324122539,26,60.417107153199,1,10846
12.3635343242516,44,67.2232414973877,1,10847
10.6833472692476,48,68.7034297357204,1,10848
6.00494542456532,35,88.8496929300304,1,10849
4.76406137328039,31,28.2690878802828,1,10850
17.1862180100953,56,67.7239521446781,1,10851
5.48283681335255,27,69.9591937689103,1,10852
5.03585110206665,41,67.0085519378881,1,10853
4.69977139458632,19,92.6508760513746,1,10854
4.285923736012,27,72.3245639946789,1,10855
2.90441361460178,30,81.9703441070988,1,10856
14.959064918496,53,83.6141632108084,1,10857
8.87526286433937,53,60.4084329297539,1,10858
5.49462168516983,38,49.5540694606593,1,10859
6.63566904467531,33,69.9601747964124,1,10860
1.78947829148646,38,66.1158250949532,0,10861
2.25772745086844,27,64.8973353495698,0,10862
4.92479470799739,34,87.2700280790649,1,10863
3.82945004994327,44,71.7834002075296,0,10864
4.36517270914065,16,53.222461363089,1,10865
4.50977045928556,39,68.4811228815194,1,10866
7.81017222523081,47,64.9318120140406,1,10867
9.19671407308468,49,28.9085833515835,1,10868
4.53177527939953,55,75.6744106370416,0,10869
3.66239411509785,26,63.4289835345599,1,10870
3.52742100161179,48,73.317284033853,0,10871
4.42676068089854,48,46.5020741999143,0,10872
1.65677448153282,41,66.9463542745011,0,10873
12.480598449086,35,57.3892746178039,1,10874
11.3628010326461,44,74.0044620458404,1,10875
6.60191927528684,42,90.9287102086018,1,10876
2.59621318476,31,70.1051404701449,0,10877
4.97086685974003,39,73.8597899823407,1,10878
11.7803729304515,40,70.5675184913829,1,10879
9.59287244645333,44,54.5434991604035,1,10880
6.08538854536765,50,100.787464252468,0,10881
3.08889443340131,25,53.4728222294998,1,10882
3.20756522876896,28,50.4362764544777,1,10883
2.78276564732361,40,65.8289301784526,0,10884
9.5548981564113,41,21.9699981110134,1,10885
4.21168473872586,40,73.151264073537,1,10886
2.07742062285453,45,80.9761388291889,0,10887
12.5411076500544,66,95.0617327839948,1,10888
3.69984859458861,44,66.4597494481279,0,10889
2.75471233397642,25,49.6785287514015,0,10890
4.00554882716978,42,49.3006642278247,0,10891
3.96860493516619,34,58.1170093677253,0,10892
6.17371427142544,32,79.6058401095849,1,10893
3.82901016553136,30,65.7312980861124,1,10894
8.37064298363023,57,70.6741953808108,1,10895
2.64276155026941,30,75.3593693891411,0,10896
8.02831456625326,34,84.0135187211595,1,10897
5.88509854279835,57,34.5685699786629,0,10898
5.1742358932109,49,62.0680340379864,0,10899
3.74278241648311,24,56.7315666409771,1,10900
6.74682723467959,39,91.7796054287031,1,10901
2.57291175478793,28,59.1113440998527,0,10902
2.58042729024069,32,97.3038822591649,0,10903
8.58797508387153,52,47.6103203945988,1,10904
7.28298598320915,37,110.404365864847,1,10905
2.88683314827256,28,68.2718411378969,0,10906
5.82091764036575,43,81.5207601916048,1,10907
2.23469617672229,35,72.7443887054182,0,10908
2.74062858534939,35,86.6723458544718,0,10909
8.82651971367337,42,60.3623094200365,1,10910
6.05567639392567,40,75.1495492927555,1,10911
5.3901816629289,38,36.6768533141856,1,10912
3.06553745182409,29,46.4995879117687,0,10913
6.44363604125833,56,63.5321710767985,0,10914
1.29443461257954,21,75.8920000250353,0,10915
3.93515163630796,44,56.4207778925213,0,10916
8.70603057456296,40,51.2103272823517,1,10917
5.67625100243699,42,62.8320077805694,0,10918
0.88018322878515,34,65.474554735431,0,10919
11.4081891397596,60,61.9180335980013,1,10920
9.73786528225266,45,53.7567940776475,1,10921
2.13591635149213,27,46.6175278305646,0,10922
7.43875746924804,57,79.364221524408,1,10923
3.41660655206626,33,95.2973722883056,0,10924
4.52931865404896,39,29.4490301059138,0,10925
9.82364335002792,51,63.7837445073926,1,10926
6.74783549486991,56,55.8378751727053,1,10927
4.63132251598987,27,78.4125079804708,1,10928
4.49980467234435,42,87.897153675492,0,10929
3.9166667666982,49,89.656331297594,0,10930
3.60183485215332,42,61.3683109569502,0,10931
1.71289583558385,33,50.7726530596922,0,10932
5.7687467966261,36,91.2992571456606,1,10933
4.0749382473542,47,79.228080624377,0,10934
4.01184611520281,47,37.4788737785608,0,10935
2.85004609792922,40,70.2479306773604,0,10936
2.23282703226269,31,86.8851527474958,0,10937
1.81856594929544,41,60.1748970726192,0,10938
9.21552481439693,54,97.8487291845736,1,10939
4.46125652936328,43,81.0031386128898,1,10940
9.65006329210594,36,35.9301432835214,1,10941
8.13735447035091,50,77.5154872638356,1,10942
2.84128945396991,25,82.8478048867375,0,10943
7.75406067778949,63,44.3568471838274,0,10944
1.37698620945552,30,70.632315242782,0,10945
10.4460847880567,45,88.2201504021257,1,10946
7.10130249922633,51,90.2784749682035,1,10947
4.47575703550186,39,65.9223536343512,1,10948
3.89447217938539,37,65.7212295274285,0,10949
4.47904579981398,45,67.6332588605965,0,10950
4.7406581671258,27,47.5873809471909,1,10951
2.61782141641226,33,79.3125141950854,0,10952
10.6446640721374,59,58.2237464535405,1,10953
9.65656882056676,50,68.1969178379949,1,10954
6.85673959792171,34,62.94368327883,1,10955
3.67412203347568,30,105.682933206436,1,10956
2.27052307631674,24,81.0064718090462,1,10957
7.44998371119641,42,47.1264236180361,1,10958
5.01242676568055,35,95.5993324404735,1,10959
11.0907661402367,42,73.3144258445783,1,10960
6.15670854872823,40,55.6566763343757,1,10961
2.98714832499284,37,86.3340561514354,1,10962
2.59653165414558,24,78.5580196986587,1,10963
5.16649045321366,43,44.882138815911,1,10964
2.16803410117986,19,61.3746810691284,0,10965
4.62534086602105,43,91.9308300368552,0,10966
8.14516502192996,42,40.6042992730584,1,10967
2.61981832553328,29,87.9020113215615,0,10968
6.56672858265174,48,69.8642738517333,1,10969
3.91912109000659,33,122.518422641347,1,10970
2.57607473643457,47,73.1597234109221,0,10971
7.85069318588353,33,51.1712158082661,1,10972
5.60069507522655,48,57.7992327560726,1,10973
2.62910489710248,40,99.5123871505043,0,10974
3.78743500524827,47,70.5603355933822,0,10975
2.94882256568836,33,72.6452345007813,0,10976
10.4574934201506,51,69.1902002266438,1,10977
2.86649733402383,20,74.6781696097857,0,10978
0.765931623251801,16,76.9274756958616,0,10979
8.27698838418508,39,55.2410315930339,1,10980
9.71125468745565,53,94.4213139672457,1,10981
6.89816232439845,43,55.3214266889383,1,10982
10.3849810849883,58,62.4643623057565,1,10983
9.37728923794283,53,84.1579458858566,1,10984
6.22496709525773,51,98.4033878635158,1,10985
5.04590628352526,25,84.6808087289578,1,10986
6.94419039219632,34,57.6597805123303,1,10987
5.20998020451831,33,38.3737216745578,1,10988
2.91163244523921,32,74.4346296500609,0,10989
2.86751211605299,19,98.3699290106462,1,10990
2.743060637333,28,57.0710752344235,0,10991
3.45260577280031,46,101.090012363265,0,10992
5.57371303560928,45,27.0029119259408,1,10993
4.29995785506684,33,78.1302764444052,0,10994
6.98841180292517,55,63.9016481122418,1,10995
2.28597566066434,36,67.6150830960801,0,10996
3.93444730883479,24,68.469682039793,1,10997
6.51076735951774,39,58.3858180548678,1,10998
3.39785244580455,23,127.82097373024,1,10999
4.90255837427609,48,74.4493740838097,0,11000
4.34313447870744,42,27.7775068098721,1,11001
7.19836896132256,36,76.8830428146222,1,11002
4.6359811911162,42,50.4844503159778,0,11003
6.80079411077362,40,57.8933577232521,1,11004
7.65826254754119,48,79.7389814397454,1,11005
2.42597732201215,30,60.8084670969593,0,11006
3.92916362663633,34,89.3923993023535,1,11007
4.21600711061864,46,64.1348128012079,1,11008
3.93960734397594,40,26.2708624138409,0,11009
11.320037701174,41,67.552256212051,1,11010
2.6562820655032,39,61.546618531646,0,11011
3.39123230799193,27,93.8194402081474,1,11012
4.309346127035,37,36.5703659071006,0,11013
1.81473369977004,35,28.5174898355002,0,11014
3.89229785201501,46,81.4479350259129,0,11015
6.90664841598628,39,87.9204316025435,1,11016
3.78461571138188,41,56.8659034064994,0,11017
4.33596458251126,27,67.3246453584356,1,11018
11.1272381234918,38,93.1402793971002,1,11019
6.96545678701245,47,96.9372601577381,1,11020
8.17884362494939,34,90.3566009942162,1,11021
6.32654385744469,52,79.8732049436446,1,11022
4.38741108201922,57,75.8695628898487,0,11023
3.3251575918351,34,65.7770992475632,0,11024
7.46693855904599,39,96.9465292396314,1,11025
3.35721773621134,41,54.3716546746382,0,11026
5.09145475220319,24,63.9367589408164,1,11027
2.612140111339,30,72.6801835574906,1,11028
4.93774531647601,47,78.4275726733853,1,11029
4.5663763441985,50,46.2596282181307,0,11030
2.60132044248579,26,39.5493995834871,0,11031
5.27330926480186,39,74.8659954307126,1,11032
8.53463802408183,35,49.9742971360558,1,11033
8.34380410587562,60,46.0820157934725,1,11034
2.02583061473166,23,79.4176249128643,0,11035
5.89337640190655,40,74.8455479469388,1,11036
7.14027558728585,45,57.3844993874949,1,11037
5.71120761700688,38,104.655940981228,1,11038
6.03276122643249,41,99.2905792744141,1,11039
4.53483086294452,48,57.9323141947645,0,11040
6.63333881310265,37,64.4962893752779,1,11041
5.4477349031152,31,40.4725896461994,1,11042
1.32290731477066,20,50.7993316251554,0,11043
3.68789810566886,49,63.205928483556,0,11044
5.21954789404549,38,60.8887825676581,1,11045
3.92823731253839,46,71.6454555098048,1,11046
4.15120261538799,34,77.2380511721101,0,11047
7.34749407159738,38,65.7917776860351,1,11048
1.82753918634321,34,67.0665744182038,0,11049
8.71951711301962,57,42.7189693564714,1,11050
6.86075503557381,52,34.3164319976028,0,11051
2.91200272334756,49,86.5486593212515,0,11052
23.658011014464,52,80.3518917564314,1,11053
3.64479365915277,36,63.113955413077,1,11054
3.61572253855682,40,74.0925619701195,0,11055
7.68707688235008,53,52.8269252272213,1,11056
10.4280286119093,38,86.4479045152156,1,11057
13.9215585780159,55,40.2205458837654,1,11058
10.9923208875917,56,94.1879154903615,1,11059
2.44028648517869,35,79.4332417425566,0,11060
2.73128770561006,42,94.6213528352664,0,11061
5.61982049202838,34,109.805823405156,1,11062
8.25990963329954,46,87.9855659017498,1,11063
2.64710743567723,37,70.5154573124034,0,11064
2.04965015019099,31,74.9638339366185,0,11065
4.85532672685721,26,57.8948179170373,1,11066
5.0835334182777,47,77.5107728305697,1,11067
4.90829652192763,27,84.3336634223014,1,11068
1.4629994200006,28,81.1312254180328,0,11069
6.06581473758602,38,74.1490160563591,1,11070
2.81933487381813,33,90.6153131734675,0,11071
5.07314707137201,35,63.9413193744023,1,11072
7.26600160457865,51,86.3101661598519,0,11073
2.6253228104523,19,33.5824921830648,0,11074
5.57747466863153,28,59.8573729546978,1,11075
2.22860767694327,47,81.0097868820935,0,11076
5.80637866656581,39,54.0588192617355,1,11077
4.44925279255763,40,71.2059817646254,1,11078
4.6227098567512,44,87.4112038152073,1,11079
4.47946100752601,40,71.7982590604935,1,11080
4.08496690201253,44,72.651445149425,0,11081
5.94308403617968,53,115.446218170698,1,11082
5.31464834781163,38,74.5403361320084,1,11083
4.22729553276277,39,88.8647320958362,0,11084
2.1962049549994,32,83.6061207629275,0,11085
4.86562449113754,30,96.3970174832366,1,11086
24.8431101824036,50,59.077065817311,1,11087
3.99140714278046,56,86.1942799008391,0,11088
3.99286180059183,44,89.6872355067493,0,11089
1.15581933830205,23,78.6525808985815,0,11090
8.36510448961174,51,74.993070914497,1,11091
8.40193476632377,47,45.4300784983797,1,11092
2.55138616151094,35,58.1199692730938,0,11093
9.60212073632125,49,68.8260437340526,1,11094
10.7153214947538,47,81.7495691535641,1,11095
8.63761563632295,46,101.61194245092,1,11096
5.0390902118197,32,59.0474420631792,1,11097
3.06620400102239,41,77.5613320370517,0,11098
1.69115005898756,50,95.8629249874025,0,11099
2.14598533160122,28,112.726082103666,0,11100
7.36953079411635,42,55.8489258377538,1,11101
9.56093301442644,25,97.1582144165307,1,11102
4.9344362384903,34,78.1812038836537,1,11103
3.19901062879999,32,70.0594662442323,0,11104
3.62574332972813,24,86.869490028087,1,11105
3.77325400650073,36,51.8910471420487,0,11106
2.16934386875328,51,41.5201025889084,0,11107
9.9279610631726,44,81.5693854297196,1,11108
5.76944976396711,28,107.126383709309,1,11109
5.3734893407379,50,94.5351718512742,0,11110
3.43636582513555,35,66.1208573421642,0,11111
5.69934139049681,54,90.6725634866786,0,11112
6.52551415432154,47,82.0283560809159,1,11113
1.43930367358696,33,86.5003426973885,0,11114
3.25519399667302,33,49.472597416905,0,11115
2.80475942367503,40,27.4916384802951,0,11116
1.98277953239517,39,103.207089352748,0,11117
4.85351253443134,22,87.0154736241519,1,11118
4.29535125871126,41,46.2089633168273,1,11119
3.61001525494449,43,98.4726544770502,0,11120
2.14450623143545,19,96.8391700827406,0,11121
3.45276418519235,40,75.6229551277591,0,11122
4.23779246973723,34,69.3779395255062,1,11123
2.8465953844586,44,111.793428001014,0,11124
8.30630705040501,57,58.3122508699384,1,11125
4.16735955964407,40,79.435681417693,1,11126
3.61515110818786,39,73.7995616308115,0,11127
2.51259053933437,44,79.235631839582,0,11128
4.95951462440915,43,77.7422918672288,0,11129
2.18975106315278,31,112.994680174274,0,11130
6.44816624895142,55,80.1755343737997,0,11131
3.62233232538657,29,83.8625777046962,0,11132
5.83674710902657,54,84.9151075849641,0,11133
4.49959283352415,30,59.638071296875,1,11134
6.74965496121777,42,54.068612752139,1,11135
21.8117404125929,58,79.9578039350557,1,11136
5.71085797566695,38,59.9180391971268,1,11137
6.59252040897524,38,76.7593472521684,1,11138
5.98534332314162,49,65.0541798180652,1,11139
4.68656148920132,33,49.2524585669142,1,11140
4.62141101836802,23,37.3096158049311,1,11141
5.50311038088066,43,60.1291617962273,0,11142
5.61879558541218,50,42.8363815035639,1,11143
4.51225959853817,45,66.0202558197475,0,11144
4.24256270038102,41,37.8224578454176,0,11145
8.31871715649294,41,70.7163774314624,1,11146
6.69277607469584,52,50.9102007533772,1,11147
8.67173252355983,49,90.8614158526429,1,11148
5.01770027813936,30,63.3130465791491,1,11149
2.45978346472816,30,69.1129084545096,0,11150
4.44375100576239,34,52.5733288468383,1,11151
5.00929544049226,46,68.803794595114,1,11152
4.02384092008172,31,67.9094067489236,0,11153
5.63091128456261,47,90.4106822333126,1,11154
8.18163030085315,52,48.2306624284319,1,11155
6.34280537939567,36,43.5557757932894,1,11156
10.1860078944497,63,99.0156796130809,1,11157
4.78464569915658,23,55.6125220300241,1,11158
4.28733664910577,42,49.9122584712233,0,11159
9.78355187108146,50,106.012694656402,1,11160
3.5357853229481,30,56.1982275278274,0,11161
7.33641654026892,58,63.1278178032092,1,11162
5.14048196125702,34,65.1899772584274,1,11163
12.7706657030383,48,53.8840324428869,1,11164
5.23792528441588,39,41.9966010458237,1,11165
13.8878299339784,46,35.7931675098231,1,11166
3.16351329054171,47,47.7463282948994,0,11167
2.78408699093752,24,45.2708939872058,1,11168
5.14657968674074,31,49.3442872844016,1,11169
6.58745717933988,31,52.2089977473467,1,11170
2.08722524083282,26,60.8152942869198,0,11171
4.86423245292843,26,66.1855054074192,1,11172
3.88866804653635,47,79.9546971859431,0,11173
5.28564820932343,53,52.1811244226522,0,11174
4.01350371914369,18,46.6056849706915,1,11175
3.82673756044673,28,98.512082597855,1,11176
2.56896036482059,25,68.6835106297374,0,11177
12.5347906285679,49,106.100844242828,1,11178
2.94304417500921,34,71.9639190683233,0,11179
5.91652052139381,53,70.097140554822,1,11180
6.7358054469998,32,74.3215301961694,1,11181
5.10001144012254,40,53.3343325657369,0,11182
7.13170113365366,28,48.2716251283345,1,11183
1.7520953564459,34,65.3114121144643,0,11184
4.63984860052441,41,90.1974974572469,1,11185
5.19721556756965,35,94.8712022637542,1,11186
6.09001614563056,46,60.9997055976139,1,11187
5.18749132874971,50,51.2931493481904,0,11188
7.48073121111426,46,79.6832552735258,1,11189
2.78923806737087,36,46.7404256148618,0,11190
7.1275297992751,39,46.1447823128634,1,11191
5.49736091825808,40,34.1699465278022,0,11192
5.29157682653465,48,63.812278982928,0,11193
6.92328488209412,45,77.3601205110036,1,11194
3.38817037592773,46,96.6633888009401,0,11195
2.38699497386754,22,88.4150746644215,0,11196
3.93753219391634,39,24.5018316437849,0,11197
9.72250791019094,48,118.229378745237,1,11198
4.51848456573902,35,64.7144890890369,1,11199
6.85480892297369,46,48.7633593336628,1,11200
5.56760916411824,40,95.3490131984353,1,11201
7.98868587640124,53,86.0512708533087,1,11202
2.29832253938546,29,39.5984109662394,0,11203
4.56588572021873,30,63.7252814208167,1,11204
10.5964562829514,49,43.0422527877061,1,11205
5.36215165847578,50,82.5028129551862,1,11206
8.66430664190467,41,75.9906442637502,1,11207
1.99144559032517,24,70.2157147030679,0,11208
3.3548487248281,16,80.7031693715463,1,11209
3.35164810773181,33,66.4091296755081,0,11210
10.5993804216375,48,43.6565486374229,1,11211
2.50436575247663,26,50.3677897692145,0,11212
2.40077897659004,26,71.3602257852126,0,11213
9.65319409112002,60,84.7680704554528,1,11214
13.0491250957567,63,67.7475623152504,1,11215
7.69303229916277,34,75.5253761081254,1,11216
6.8420818274607,52,61.0355090361995,1,11217
4.45726654986816,46,91.4388912135469,0,11218
4.17451432810593,50,80.2791930612734,0,11219
6.27636456436394,43,31.0180046496425,0,11220
6.53635267137901,64,78.8444272322967,0,11221
2.61268603881834,40,44.0764683870327,0,11222
4.95183278012857,63,74.2434334285061,0,11223
6.6160364986146,49,70.8197939541909,1,11224
2.01619242142544,41,95.4149833536788,0,11225
3.87097836588728,55,106.78746182102,0,11226
3.94355711815965,36,62.8465020716796,0,11227
3.70081475257827,42,50.6484210450689,0,11228
10.2325437703538,36,61.9749939840136,1,11229
1.48833332129967,25,81.5091264580462,0,11230
5.2688465571605,46,93.8537654114974,0,11231
5.86789373855107,36,62.8015359979968,1,11232
9.40606305799539,41,62.6381658118883,1,11233
5.80217867243095,41,77.9336418410871,1,11234
14.2532331969683,38,66.7823975680947,1,11235
1.97719861486498,30,69.9383595291489,0,11236
1.08402748304891,22,73.1242038451773,0,11237
2.74486030308397,23,83.3156795655738,1,11238
4.53304245352696,29,66.8012851445887,1,11239
4.49537521021083,44,69.5289399623034,0,11240
3.56870681534594,48,74.343809781125,0,11241
5.90361509215851,51,86.0094402636268,1,11242
7.9216621029284,24,102.97898247883,1,11243
3.14378842879852,28,38.9604279456608,0,11244
2.46704411669288,30,64.262977363588,0,11245
21.4381917780726,63,60.0075091382606,1,11246
5.41654455795334,35,45.6056543303568,1,11247
2.17502327225625,37,91.0203512800436,0,11248
4.93053269051626,51,85.033391147018,0,11249
5.83290048850783,39,84.7062149082646,1,11250
2.67420453928755,37,76.4153678570768,0,11251
6.91874936690988,46,53.8060579842306,1,11252
5.59035181215934,33,88.7314696617548,1,11253
3.7835453290548,24,62.3564789838977,1,11254
7.34101327718244,48,99.3730937683318,1,11255
2.37043375932354,34,52.6453468540929,0,11256
6.24686831047082,36,67.6487985801882,1,11257
6.83363553053851,48,90.7306393340257,1,11258
3.81555158881064,24,67.9430074023288,1,11259
1.36355650520454,24,88.0639797426438,0,11260
3.91042837203821,37,54.941561999404,0,11261
5.89553181729167,36,31.6180580906195,1,11262
7.82311001460955,59,70.5262143145165,0,11263
11.7087772021057,43,57.3746312725955,1,11264
9.71823757084132,60,68.2331514818231,1,11265
2.07430660406187,33,37.915785117836,0,11266
7.65529997096559,38,58.9316686965679,1,11267
7.17338264464615,41,96.0389740898896,1,11268
7.25876797244815,42,99.1750418687962,1,11269
5.71934596182242,42,85.4064868867504,1,11270
4.10604236020965,26,115.905256518495,1,11271
6.28200696274476,28,91.8795661938542,1,11272
3.98944343470283,42,52.9646739509476,0,11273
7.09725089701609,49,121.551727518151,1,11274
2.01636843331463,25,86.3887151043407,0,11275
6.18436590927249,39,84.4099977144237,1,11276
3.94650745301798,41,91.9198186536438,0,11277
3.92406025952055,26,52.9125489228351,1,11278
3.06734711934991,33,62.8282476516978,0,11279
1.75164570607324,37,81.785894412852,0,11280
4.54231258473942,53,26.7654537649616,0,11281
7.31149200057465,34,58.6808605863578,1,11282
3.52063626247512,31,50.6823238908732,0,11283
2.48195668542328,29,65.2431643928665,1,11284
12.7243079009629,57,69.6355534624285,1,11285
3.04023007647379,30,71.6612877543931,0,11286
16.0718135627689,65,90.9422858144547,1,11287
5.87767268226269,32,59.9321742924789,1,11288
3.27157425801343,40,70.7665317609933,0,11289
9.3950399056742,42,42.1713812440658,1,11290
3.51834778582059,50,89.516407573028,0,11291
7.03371452076015,50,97.4981817173506,1,11292
8.45151317641887,44,42.8490304770989,1,11293
8.90932395934137,50,70.5567324522744,1,11294
8.58478975878748,49,90.854453532516,1,11295
4.31648378160734,41,46.1118360626005,0,11296
2.49866975881013,44,55.9546137512926,0,11297
7.24599153163198,55,68.7440376174734,0,11298
5.09731289960094,44,91.5867833948454,1,11299
5.98794022961348,33,47.8590845741953,1,11300
4.51733010464909,36,43.1262274280956,1,11301
10.2385909207685,56,84.8467030520802,1,11302
5.18320065888581,23,75.4734950522143,1,11303
4.41570826000762,34,87.1036048775077,1,11304
6.59941216894843,26,67.8647292876925,1,11305
6.42533387401448,58,67.9577247715428,1,11306
9.08851453527547,52,76.4363521693675,1,11307
4.73419366380648,37,91.7414455232205,1,11308
6.08583333298892,41,65.2216523990922,1,11309
6.76784123635086,49,44.9029168637299,1,11310
2.18911657618879,35,84.0921330663963,0,11311
4.65324872288964,29,84.2939296546743,1,11312
3.37561139153664,32,74.3176068023382,1,11313
6.93397885924661,45,59.1419708365006,1,11314
5.44768840796592,39,104.120971764603,1,11315
5.2919288749292,30,104.882264469684,1,11316
3.6921485438643,35,83.4265496971133,1,11317
7.08487005353802,37,48.9563236153388,1,11318
2.96916019931857,23,86.1765279951615,1,11319
3.40138728712648,44,65.7698906713018,0,11320
5.58018920846,30,65.3245064952215,1,11321
8.55155777768406,51,67.56194141877,1,11322
7.74578653641949,36,76.4950262544879,1,11323
2.65506116539482,38,36.4672402737714,0,11324
1.95377560573106,24,69.0186557352314,0,11325
5.42080543167848,35,66.5467535765681,1,11326
6.48453470068844,46,84.3413898228904,1,11327
1.86454350200535,19,86.3873961995613,0,11328
3.16067672515877,34,67.703421160993,0,11329
5.1142570115478,36,53.665367871075,1,11330
3.4829203927061,41,62.6735903062956,0,11331
2.20288439014523,38,51.7169375153061,0,11332
3.81972075875446,44,49.2008520006425,0,11333
12.8085911032991,48,68.556529472885,1,11334
3.17845496431,34,94.2340349331788,0,11335
10.9978386447589,48,81.8774489091836,1,11336
2.0105735197919,31,54.2693605922621,0,11337
2.15918888532676,18,55.6845817154466,0,11338
7.56890752768642,48,99.9680186905706,1,11339
4.00042387325061,43,77.3446844069655,0,11340
12.0105263710295,49,90.974046700699,1,11341
8.89315181761294,47,50.534132179176,1,11342
6.76714774365002,36,86.3214499737299,1,11343
4.19051246520712,44,51.1726293772723,1,11344
4.14779999690823,48,106.724588185658,0,11345
4.52455426420256,33,89.9399454425989,1,11346
6.91215651789383,55,59.435604635001,1,11347
4.76634553495008,36,47.0525877282295,0,11348
3.01035899259757,32,83.4224972492182,0,11349
5.8134030395238,24,101.549074747962,1,11350
4.78803189322419,29,69.550293291156,1,11351
2.96581847509573,41,45.0883208369332,0,11352
2.78713971288366,43,87.18091561802,0,11353
4.67787071145548,34,87.9375212083222,1,11354
3.27820293312262,28,53.3104149411458,0,11355
9.12283579833175,41,28.7975794622539,1,11356
5.62019405933474,26,37.0826854729692,1,11357
14.7141027843356,53,106.859430342219,1,11358
8.24013324991832,47,71.2540956116204,1,11359
2.43597789234258,40,79.6403873632749,0,11360
10.9705887187375,39,74.5421242664923,1,11361
5.82142600696167,48,88.4910915885552,0,11362
3.17738840026752,25,80.54506162229,0,11363
3.60392278434388,46,61.2164693269351,0,11364
7.5373236035826,26,78.4247190424659,1,11365
4.0628784359987,39,79.8432310827407,1,11366
4.77182384059701,47,70.9097143381287,0,11367
3.79922432793063,47,63.7091584882785,0,11368
1.86087563271817,28,49.8603972467504,0,11369
9.89117137719524,38,78.0670390709178,1,11370
2.16170681742203,25,33.9692128766829,0,11371
1.84686729865825,36,77.9142351737336,0,11372
4.00026225389739,33,56.7469905997743,1,11373
4.49063519179892,41,98.4599050109215,1,11374
3.94486476238684,39,43.8788173944406,0,11375
6.15246781490494,40,89.7770761758204,1,11376
3.22683085255241,47,89.4634728076065,0,11377
7.72897428179378,50,108.092070033364,1,11378
4.74416785965816,44,44.9841277899674,0,11379
3.3470207908436,29,67.4190572440908,0,11380
1.92958274591664,34,60.7283715620805,0,11381
1.84701343573039,28,67.6843493132653,0,11382
16.969686000948,68,72.9627377806013,1,11383
6.38903260189019,40,40.2106261942756,1,11384
5.0294214605507,30,72.6300809258142,1,11385
10.3420738427663,45,88.6423059212203,1,11386
8.5594977057694,52,45.470675028479,1,11387
4.4649975012189,16,86.7871886783577,1,11388
7.80364515847923,42,68.6756005320502,1,11389
3.50373062892778,29,39.9187728438139,0,11390
2.90581409168715,16,81.3665117401258,1,11391
3.84708956012552,46,47.873681843834,0,11392
2.77958649642996,32,79.5059311834951,0,11393
7.7072462544137,45,58.0392770181217,1,11394
5.0832495155859,38,64.3773032369353,1,11395
3.4457330090424,35,39.3916866410784,1,11396
6.55484860456132,46,99.7030970112161,1,11397
5.60293908091532,52,68.0692749407345,0,11398
4.58173581746129,54,86.1030927933349,0,11399
9.383882563829,55,50.8129068071348,1,11400
6.55010068020965,37,50.4187205649499,1,11401
4.83854832957381,51,50.7878378526781,0,11402
3.73186874992766,46,87.904558804206,0,11403
8.51469433719086,48,58.6870251838989,1,11404
6.42479670056645,43,105.081847697507,1,11405
1.75300236976084,29,73.4974320792822,0,11406
4.12383087046163,17,72.5912825675433,1,11407
15.4299877392046,80,77.6006044222518,1,11408
6.37823483498778,53,63.6122388752971,1,11409
5.30013482920558,44,67.5609049773258,0,11410
1.6428155873743,22,62.7298910301905,0,11411
9.77526177910124,52,84.173791498067,1,11412
7.7154530499205,29,82.0954755773116,1,11413
3.21859064689323,27,66.6444847592592,0,11414
4.94986672856266,44,111.141421986484,0,11415
6.945181371443,34,74.9641367352853,1,11416
17.2314043168017,50,63.6366723140283,1,11417
5.66300134819079,48,80.1094986498293,0,11418
5.14328825127014,40,73.1578617797982,1,11419
4.31766715902352,33,75.1120997581778,1,11420
4.06409052458648,32,61.0985903210252,1,11421
21.745972377591,50,104.409052321357,1,11422
3.8189969872311,27,50.7731408758655,1,11423
3.28617745588855,18,70.3380810998477,1,11424
3.59690370701754,33,45.9304381508411,0,11425
4.66507590656203,39,57.9811457645384,0,11426
3.36685067365884,47,68.5805819487377,0,11427
2.39783564056254,37,75.9141123039977,0,11428
4.96267430447843,30,89.2955625015315,1,11429
6.30891152627739,40,57.10423991502,1,11430
3.14704146890996,27,58.004930477202,0,11431
14.1933257430678,43,66.0726694021363,1,11432
1.98180913649413,23,53.9679569276769,0,11433
2.69705626270958,32,79.5902900732597,0,11434
4.03820586594534,45,70.4473889345592,0,11435
5.6725436134184,42,72.5807567269062,1,11436
4.36024281931258,44,62.1685191815365,0,11437
11.9397616870772,49,55.3893043563044,1,11438
5.06969639017042,53,81.6442187437509,0,11439
8.90589033393422,40,57.4948741087001,1,11440
12.0648997420974,54,75.1879000392126,1,11441
6.57498067471515,60,102.248761272576,0,11442
2.18533078926678,36,71.7352878218367,0,11443
7.57504790264244,46,55.2223097692601,1,11444
5.56989535030017,31,24.7394656303361,1,11445
6.30071362141069,32,56.7769721255303,1,11446
2.07314200806528,37,52.0765220663697,0,11447
2.32583970816372,29,60.3682710571299,0,11448
11.3000640413446,46,51.0541021766474,1,11449
8.8233360602771,42,85.3623970458515,1,11450
5.05303127166632,44,46.7926114520074,1,11451
5.14043792749432,38,59.0229435715658,0,11452
10.1316949990916,53,83.8950866232258,1,11453
2.14854983483384,23,73.8905861045332,0,11454
6.24606022982953,34,59.9478023175657,1,11455
15.3912395796601,56,81.427246288869,1,11456
13.1746924978421,60,84.620327858735,1,11457
6.11368693510201,30,46.6318763194684,1,11458
4.09997675358046,36,63.7756699036557,1,11459
3.63587217004783,29,52.8097147380768,0,11460
5.78287475053388,40,51.0258030563039,1,11461
5.04786544871266,46,55.4372486471352,1,11462
3.98440643177259,25,70.3483898078163,1,11463
10.0823987491248,39,74.8583990372466,1,11464
5.99076251731217,35,79.023523223595,1,11465
13.2667050972547,47,87.4875114091063,1,11466
2.98324868540252,27,89.2791391437214,0,11467
6.35367042214556,52,103.40146845198,1,11468
5.39453296550753,52,58.3493571836418,0,11469
4.45480683501927,45,50.9243041384146,0,11470
5.19567688466219,27,70.5737430250416,1,11471
5.34880716687035,52,51.3836144143963,0,11472
8.94263949965138,46,73.9221374924367,1,11473
5.46712994244272,25,67.1665479621782,1,11474
0.570108282453945,31,90.199638831916,0,11475
6.40862570518957,24,98.293589874074,1,11476
17.8018223644606,51,89.4399118100273,1,11477
3.959429616664,30,89.4504389529544,1,11478
9.42643657125538,56,82.793453910712,1,11479
4.74181605835671,45,35.9476453650385,1,11480
4.8778879328941,48,89.7549018225764,0,11481
6.561790191033,44,60.6714972144757,1,11482
3.03455396861435,39,84.3818269333574,0,11483
6.59033082845578,44,58.2063082351071,1,11484
3.44819018285089,32,41.5480637451248,1,11485
6.76553912587679,39,83.242171048689,1,11486
11.1344559135729,53,49.3124462077036,1,11487
5.38816290167116,49,40.2046824131127,0,11488
12.2547968521568,50,25.3453705854318,1,11489
7.35029287809033,41,68.5351376843489,1,11490
4.68678557964002,49,67.8677526014301,0,11491
5.41667227856931,36,70.0389390182177,1,11492
3.20699899910023,31,86.5786878273158,0,11493
20.9065674503744,58,70.1403641386937,1,11494
5.52902456846074,48,40.0111692285006,1,11495
1.9305180784089,21,63.8171500335163,1,11496
12.7956652810027,68,88.0015493821352,1,11497
1.70362778176831,36,80.9718738061379,0,11498
7.31906493404675,42,73.9589465168799,1,11499
8.80303534043297,48,74.2743773606009,1,11500
3.84880954343785,21,107.70606884787,1,11501
4.21571538460578,33,77.4369755962783,1,11502
5.55751802878592,39,63.5133804260406,1,11503
6.48231325020011,43,86.4156359036806,1,11504
3.53699452838177,20,55.0275637901107,1,11505
3.49071124695667,28,55.5070109616821,1,11506
7.91233110032009,39,70.6547990891058,1,11507
3.61230370050319,33,49.9197540033817,0,11508
3.78362134704924,48,73.7495431973345,0,11509
2.64686131950505,35,36.3254028345939,0,11510
3.4728487187076,21,30.2574907068187,1,11511
1.32757422480293,38,63.6194835752238,0,11512
8.66056214620251,40,28.7089901428942,1,11513
3.71482579747211,37,61.2743466163014,0,11514
9.63790847332055,41,68.156361955995,1,11515
9.94128450796858,48,72.2598490398026,1,11516
5.97499734796267,34,72.3380006409562,1,11517
3.4813053311039,49,79.0160633717658,0,11518
4.263264594039,41,47.4471828328132,1,11519
5.2517701915383,52,91.1777746540506,0,11520
5.17686510981105,49,51.5763482455368,1,11521
10.7982659918997,47,87.0554779544433,1,11522
2.50069061661699,32,76.6059138390221,0,11523
8.9382617068588,55,37.9221354840297,1,11524
3.91755300246058,31,62.6149757027822,1,11525
3.40432946536756,40,91.0377353741256,1,11526
5.4397570744111,36,51.349553050008,1,11527
7.92474948182282,34,86.7801419375572,1,11528
2.47756611003602,30,81.4722044724478,0,11529
15.2708992389369,56,91.5061031011647,1,11530
3.03100451514887,35,64.2138256025851,0,11531
4.21859858445585,44,76.4637547076054,0,11532
4.76078017749633,33,84.9917907008399,1,11533
3.50701514879843,47,65.0000771215205,0,11534
4.55044214307624,42,57.2754423804027,1,11535
3.51071431752504,40,50.1187553892225,0,11536
10.2227522265941,52,135.508847765359,1,11537
3.74559708597429,34,102.205331907915,0,11538
2.47679270835714,38,64.0709401766986,0,11539
2.15658046136592,39,74.7126213682918,0,11540
3.32568117914848,27,64.4790963873562,1,11541
3.91773641416956,35,76.6732406443306,1,11542
3.58635312974457,31,76.4938394398473,1,11543
1.80053253409158,17,79.164717376922,0,11544
3.60310974381008,26,53.9974346938315,1,11545
3.11279109648664,35,67.53052097774,0,11546
1.2754953841185,23,49.7697255853125,0,11547
3.86310601018612,28,66.3933060360012,1,11548
9.65505107914432,41,73.034417221141,1,11549
4.03839264829345,32,110.681360897607,1,11550
2.324660655916,39,58.0724559716676,0,11551
3.60333151069301,36,69.0840783285227,1,11552
3.60358528489627,35,64.844671806638,1,11553
3.48411574303686,44,66.226714930912,0,11554
5.34303181702325,34,58.9183661775514,1,11555
5.70913186793432,55,48.6457394191399,0,11556
3.29265664481224,50,59.1994276756712,0,11557
2.47584498790687,33,74.1736614223377,0,11558
10.9079081153786,42,86.3174826023492,1,11559
4.76835034204269,51,78.9316989047184,0,11560
4.85890718872007,28,121.124626069778,1,11561
5.19916424525751,38,78.0735213668682,1,11562
3.3922490725664,27,83.8990920570111,1,11563
7.35441369846114,51,56.6687617370917,1,11564
6.34828092040841,41,69.046003093397,1,11565
2.80730249451307,27,40.7259680733178,0,11566
1.75504971818415,29,76.6704305324654,0,11567
6.17578847057724,41,53.878464441492,1,11568
4.19703130755656,28,76.393413670142,1,11569
4.47996014936797,44,74.4967184888287,0,11570
4.11674033307557,30,52.0466070467209,0,11571
2.42700048741905,29,75.0087658140559,0,11572
2.80383719082249,24,38.5446281218423,0,11573
4.22443170366897,37,85.9088438207318,0,11574
8.5567590880885,42,57.8593261643621,1,11575
7.82146350712352,36,117.437677927712,1,11576
8.56825341769046,49,101.135432188821,1,11577
2.81529824929483,39,79.1486229998743,0,11578
9.69348984168409,62,99.9637049707906,1,11579
3.78941623683075,32,74.2593529507015,1,11580
6.13569455931061,47,100.639445686271,1,11581
9.07300214791587,48,110.524063728976,1,11582
4.40548962253574,36,70.9428992967641,0,11583
12.5695344843797,44,67.5490017613846,1,11584
3.20117315347989,17,78.676506010791,1,11585
2.02921656008655,32,68.4426254205765,0,11586
4.66151251390932,34,26.6781754155578,1,11587
4.08418285940383,40,75.217996194366,0,11588
10.1345200485067,49,61.4721313195895,1,11589
7.48202917411866,50,60.7131662558482,1,11590
13.1681568677126,42,72.4451722039521,1,11591
5.64125766657223,45,78.5116840087772,1,11592
1.53549091232104,32,50.9762385377987,0,11593
3.05077365707448,34,82.0416270962003,1,11594
3.61419375862195,28,77.734644397977,1,11595
8.51676626724951,59,64.2390603492032,0,11596
9.18780789570923,24,79.4070269987719,1,11597
10.4910995552499,55,40.7393490388555,1,11598
7.99734827432798,45,29.3839348208131,1,11599
1.67764502883671,28,74.4834464630514,0,11600
8.57721342545871,40,91.0717673106777,1,11601
5.97189079373471,45,89.5069629438891,1,11602
6.65243387099473,56,61.9302314605647,0,11603
9.06601965043481,64,77.4358707248944,1,11604
5.78545359348508,20,74.1598234067106,1,11605
2.69702803871571,36,72.6161841961191,0,11606
4.71218904255844,48,66.9391465655963,1,11607
2.20718721434134,24,71.5922079484025,0,11608
4.1804481928969,29,39.1215544423596,1,11609
2.50557699769848,32,43.386886026663,0,11610
5.56713363814172,41,53.1726062659542,1,11611
5.77825010984571,36,69.6428249534759,1,11612
1.8465755158753,32,64.5645065763902,0,11613
2.55714532312682,38,55.2544314047698,0,11614
4.90630236783696,29,46.0062526703402,1,11615
4.78511020149074,42,75.5953679323804,0,11616
9.10556988171555,37,61.2860643628689,1,11617
15.9741691706991,46,81.0032894524159,1,11618
4.02842990364584,39,54.7493133317754,0,11619
4.40704841302518,41,61.5711221585205,0,11620
4.72167708369865,46,80.8441745295365,0,11621
16.1527869585845,49,70.9443416360379,1,11622
9.83503373089109,57,108.69648946173,1,11623
5.66370950105638,22,74.6758280064831,1,11624
1.22851087128115,23,60.4075871021559,0,11625
3.13394261757877,29,67.4787621342711,0,11626
5.18890693407784,32,81.0681323845857,1,11627
3.98551749995296,41,48.1601020808896,0,11628
8.22915214441645,57,81.8873812352797,1,11629
8.58728782220295,57,53.9782575059839,1,11630
1.92545567317163,34,75.2094210937381,0,11631
2.920087973589,34,77.402398878489,0,11632
5.57249804798175,32,53.2072898396661,1,11633
3.41924801381783,34,65.9700619021411,0,11634
8.23881868916287,46,62.5186692166153,1,11635
2.94198868142763,18,87.0766249144581,1,11636
9.26623283763758,42,72.9965120300294,1,11637
2.15489105401707,18,81.0391596027535,0,11638
2.70301988336584,33,24.1496981569033,0,11639
7.31997811824089,45,66.7189294945478,1,11640
6.03019544863816,50,80.4172736294337,1,11641
8.99062228113658,26,96.9198710631116,1,11642
11.234901210683,46,98.4811465648366,1,11643
2.83632731814901,44,86.2486805260598,0,11644
4.28436626612032,37,101.000235961487,1,11645
6.15856810575182,32,109.964762248928,1,11646
6.05704027267221,37,82.6030201895823,1,11647
1.58398831578388,33,95.849886276873,0,11648
9.53847420519238,57,84.4718454143789,1,11649
14.5258743018941,57,96.2809565428751,1,11650
8.22276350786379,50,63.4739986286691,1,11651
4.15833008942059,41,40.130939010611,1,11652
10.3543710751074,40,44.617611665291,1,11653
6.52960302502308,20,36.1748642098624,1,11654
5.39307453706457,41,82.3232362872248,1,11655
7.40741194968763,26,104.127808221069,1,11656
8.52082650241339,47,74.5401929151949,1,11657
7.8105865594372,56,87.2486030723146,0,11658
2.06138395739853,37,89.1265461509143,0,11659
4.6212993147432,35,81.8779911020227,1,11660
5.54325088422303,43,86.7445236818531,1,11661
2.55992459605505,35,89.0358818537173,0,11662
6.78786270324248,44,79.9800511486611,1,11663
5.57198773980158,35,41.3979672952342,1,11664
5.46948919404274,36,113.258486254655,1,11665
2.37188248982341,47,106.494688360012,0,11666
10.0104845532741,43,96.4420933099788,1,11667
6.97493248092719,40,82.5831663026725,1,11668
1.73712329884322,27,72.6236211915501,0,11669
4.01368478845376,49,78.8242134279212,0,11670
2.20089523260714,43,86.8093565839132,0,11671
1.27586909579441,22,64.3844322915511,0,11672
5.53189868687318,53,51.5428385248337,0,11673
5.7653233002734,31,111.951401956768,1,11674
6.66957979639611,23,37.0631397124737,1,11675
5.42326488232875,44,118.23378531329,1,11676
14.9834839610834,34,72.8664377724829,1,11677
3.54089659055682,28,35.0119101683376,1,11678
1.57255032041914,36,56.6693219744752,0,11679
2.43938379144536,36,56.8052872238838,0,11680
5.81625499097475,46,58.4713960740707,1,11681
2.60754008667936,49,84.0916907992156,0,11682
11.8237829930519,51,50.2884800614473,1,11683
3.06465879756697,35,72.3239421071973,0,11684
2.39054832098755,44,50.7421690749989,0,11685
2.19129044552877,26,76.4928525774652,0,11686
2.73511604438704,30,54.5157210367238,0,11687
5.39427577962828,36,76.4622333805225,1,11688
8.32554399805715,45,80.6279443311989,1,11689
6.65064734963951,46,63.6533263189604,1,11690
5.14653352610975,42,39.8284274349183,1,11691
1.7354554968576,38,54.817576993768,0,11692
3.91355314213209,41,64.8093499456662,0,11693
0.915585766838232,16,65.6167593309253,0,11694
4.41716822698277,41,66.1321990385289,1,11695
2.06896898759784,40,71.1997248005276,0,11696
1.94008777464427,23,97.4700315708152,0,11697
7.16265273903032,53,76.1465104038382,1,11698
2.91642166320453,22,26.9056926102459,1,11699
2.56719670300084,39,75.4470526034517,0,11700
6.05339889232077,33,63.3923936830335,1,11701
4.2558350705869,51,66.71797778474,0,11702
3.83893318930512,48,99.9994682577876,0,11703
11.8049121596113,31,83.114418413185,1,11704
10.1677766034583,47,108.443512881542,1,11705
5.15525232347924,52,91.6308657859353,0,11706
14.8459601226976,62,57.2048393591402,1,11707
2.2198075665552,32,59.5188178687568,0,11708
2.49231492293489,40,75.0623683492808,0,11709
2.37587507601481,26,43.0095896476893,0,11710
3.23854586857622,35,47.9822752718942,0,11711
6.08034885038733,28,62.8781062306213,1,11712
1.58313611351816,27,25.4596596625162,0,11713
2.89317939117146,29,84.0345092290669,0,11714
5.89315682595528,31,84.6099038364993,1,11715
6.07856853701731,32,81.1691758745945,1,11716
4.93002370996402,34,48.1396504182293,1,11717
5.64366531225279,52,72.810109255173,0,11718
2.79185958870565,30,82.0702126380026,0,11719
8.62392472496329,42,81.0899560272239,1,11720
2.56084449051358,30,94.806036816256,0,11721
9.62599240868033,48,58.3011761086358,1,11722
8.32027981151398,38,64.492896805716,1,11723
2.04896524664142,30,69.5979699257713,0,11724
2.958754674574,29,60.4288441266836,0,11725
4.16203519910877,48,82.1038888525153,0,11726
4.77828077184636,34,48.0022247434978,1,11727
2.60558761694052,21,81.5454473980755,0,11728
2.68123158673325,32,70.7997969815077,0,11729
3.94822193599616,41,74.3967182231147,1,11730
4.8633327184581,32,50.3970954313301,1,11731
5.96663285612347,32,89.9956618604405,1,11732
6.29446194913061,52,57.8377668996898,0,11733
5.52881821568881,23,90.1887197853548,1,11734
2.73865139416886,37,60.6337731009533,0,11735
3.98934582322761,38,56.971888827839,0,11736
2.65142664743009,34,82.1213762686451,0,11737
8.3485550742299,56,47.2307601406169,1,11738
9.0589484983526,49,89.8142555038066,1,11739
4.73991699199051,42,53.8219212245189,1,11740
2.64994127085074,25,44.2179597403121,0,11741
10.0417436505115,42,84.3991787315737,1,11742
4.13991806554263,41,69.3022623994287,1,11743
10.1290271382692,43,77.8987526167892,1,11744
9.24493447243059,50,63.9154262123512,1,11745
4.2643784323495,40,65.9895559024261,1,11746
3.07414394795978,35,84.4220939430891,0,11747
3.97340994579459,23,84.8374058990098,1,11748
10.6995552684842,48,44.6792910835045,1,11749
9.22612975972532,35,86.2733294383013,1,11750
6.82877313893055,56,77.8509096969437,0,11751
4.95094249455435,27,80.026382179229,1,11752
1.38948095118624,21,77.1967282794649,0,11753
4.75701883207593,45,58.290900692979,1,11754
10.4197913595824,53,70.0588224830686,1,11755
7.15188405709997,55,73.5748998888611,1,11756
8.70496770893924,69,53.5313824301365,1,11757
9.631948273591,52,106.083722819779,1,11758
2.9316471075165,41,93.2430988416512,0,11759
2.53724056800518,27,71.3927059529047,0,11760
4.85474764184058,51,75.7617514870589,1,11761
2.8259944506131,18,61.7519807185291,1,11762
6.25856342715463,28,63.5445706601304,1,11763
4.59099161244315,30,71.5307316981456,1,11764
5.10104391838484,32,84.210076572017,1,11765
5.50679528162073,26,41.1591532933941,1,11766
3.56635263347967,24,86.4251552916,1,11767
6.52337511057167,35,59.1605063553578,1,11768
4.07242293037177,37,76.4520598012096,1,11769
2.32940444898785,30,76.5166386109598,0,11770
2.67817571543636,49,51.3939922516427,0,11771
6.21542546912632,41,74.8828015011423,1,11772
3.08091668845637,31,45.1242926740069,0,11773
4.91011013741751,44,50.2536972603086,1,11774
2.23621300277467,39,70.2024003480779,0,11775
9.27972115083785,36,79.4027842608554,1,11776
1.54927958667835,16,47.3446265556579,0,11777
10.6404123385015,55,61.6774558707802,1,11778
2.5586771543357,25,62.4104267634353,0,11779
8.6072684183626,51,66.1042617231887,1,11780
6.92416854774954,41,96.1791560420266,1,11781
5.19361833728505,35,80.0852609219604,1,11782
8.09309624876313,51,65.186767877827,1,11783
12.6794273413008,52,78.8103293270593,1,11784
5.64942897079872,31,55.4448718918786,1,11785
2.24233014952633,36,90.8345040012919,0,11786
19.4974421932629,53,76.8674363548831,1,11787
4.70677954400023,29,71.9246788994551,1,11788
1.57571996035546,34,64.8631508454965,0,11789
11.4393635270496,57,60.6816495919859,1,11790
3.99161309096613,41,79.3827595316321,0,11791
4.14507566544708,29,87.6138520322039,1,11792
10.4866633120087,54,96.5504944524295,1,11793
4.69848531659304,43,88.2028930314639,1,11794
3.4301845784039,34,59.7732440350596,0,11795
1.06957529918006,22,64.0326017738078,0,11796
1.38479979627405,31,54.0959485106443,0,11797
4.53315491824681,51,65.8957692265496,0,11798
8.47478534172783,59,91.3929149789537,1,11799
4.88392658676557,25,60.2657651915111,1,11800
5.43918752111773,43,61.8849587664632,0,11801
10.2981833719542,39,48.3119435525296,1,11802
3.76120776970504,38,92.1319524894272,0,11803
4.49295679342953,46,83.6807909462632,0,11804
10.9514483207646,35,58.9789298933475,1,11805
3.05850567410378,34,66.1545455596876,0,11806
5.03381695136342,43,96.4751721155136,1,11807
3.55128811844232,35,102.216960516759,1,11808
4.97474370098147,40,64.8909706642193,1,11809
11.8733596324326,51,64.2688260549068,1,11810
8.00376786311018,38,72.6158166257918,1,11811
3.97799754226144,30,83.4597178457087,1,11812
3.36529497801692,26,47.0055517810389,1,11813
3.5827590706467,39,60.5654557690793,0,11814
6.41234419517009,41,83.0293023453578,1,11815
5.12223411719465,30,82.8101992195883,1,11816
4.86499856000643,37,86.3029387173234,1,11817
5.90169097632578,45,60.0981252522473,1,11818
9.37098312388967,56,77.295306534104,1,11819
11.2816737410511,42,58.8334842294653,1,11820
5.99392972427584,45,82.4671751463443,1,11821
9.88834119524561,61,70.1354029316832,0,11822
2.90555392575121,16,39.1155693569426,1,11823
9.00332972493409,39,75.5453096080545,1,11824
4.9592302600739,35,23.3007031381562,1,11825
9.76393510425884,45,51.2790420635529,1,11826
3.70821460147625,37,87.2853233220222,1,11827
4.88713347993302,36,83.4534339291877,1,11828
4.48035449418753,39,94.5247962872629,0,11829
2.45807238389358,32,97.0903409904554,0,11830
5.54242789842857,51,48.4638016284556,0,11831
14.9375815827716,51,64.7207453842123,1,11832
8.21251224489413,46,37.2530888527134,1,11833
1.92040184966018,28,52.3480702665149,0,11834
1.81647320191203,46,57.4068751407156,0,11835
6.79754580391843,41,67.8242720545955,1,11836
12.912690324925,44,42.7515134540876,1,11837
3.16553608344218,39,63.8180680703565,0,11838
8.9157031199079,49,62.3396093828654,1,11839
5.07310246842867,42,91.7251685354325,0,11840
13.2319672059266,54,25.4500462088979,1,11841
3.44083299548159,24,101.620420613796,1,11842
12.6093785810112,51,73.9357761381687,1,11843
5.22340362104524,57,87.2813657821198,0,11844
5.15991440386841,24,85.3014932653184,1,11845
5.44143703386195,47,76.9177847244788,1,11846
6.31793892589782,32,88.8343693800611,1,11847
4.45351756129126,52,65.9316843681518,0,11848
3.83823768698823,29,83.1423205175921,1,11849
3.84897906518062,44,91.0161897822284,0,11850
3.82241320323649,42,83.4823334224628,1,11851
8.62652270158955,44,59.6755566310858,1,11852
6.23987884746698,31,48.7459635740194,1,11853
5.705224401042,45,57.9533603422974,1,11854
4.06931311765658,40,69.3516980976074,0,11855
2.1346676160824,37,82.9309838108193,0,11856
6.67121908987402,56,91.8687590806681,1,11857
1.26308133750888,26,21.2150261633116,0,11858
4.58770616007295,39,54.0435339484507,1,11859
7.83712357595165,42,47.3443569908435,1,11860
5.04798147506358,40,96.7937961282459,1,11861
6.52842843440119,43,89.3400352979254,1,11862
6.51660358986172,38,80.864914419608,1,11863
3.24397280226161,26,92.4582833089397,1,11864
3.67053471505117,32,98.5292589107752,0,11865
6.70762825883589,60,74.1018227997127,0,11866
6.65281150897969,37,70.742166215042,1,11867
5.42982219463055,46,90.7919266510696,0,11868
2.24230462082248,36,45.114512005545,0,11869
2.9262134746573,34,83.7314709652264,0,11870
3.32104101612934,25,24.3475270536016,1,11871
14.8736584902717,46,75.8901428798447,1,11872
3.97330090527701,41,110.596178747484,0,11873
7.51258170384456,47,49.8189882105159,1,11874
2.77629876750863,23,112.283875650955,1,11875
1.07191524969592,28,100.738904025575,0,11876
9.54743747061273,45,78.3711894219599,1,11877
6.85862843980524,45,70.1189081458879,1,11878
5.49703586212308,46,67.8041613750747,1,11879
3.93803248723324,39,92.5753662091111,0,11880
8.41218269543036,52,73.0456915193015,1,11881
3.51591576995225,34,88.8506661337129,1,11882
3.79719358647851,32,94.3834831976532,0,11883
2.80511435113378,50,92.3519551481117,0,11884
7.50538913677365,40,56.9977867337763,1,11885
2.6359197616454,19,101.283151237444,1,11886
3.68527368850719,36,76.6897542748627,0,11887
9.28390322995483,31,103.742433908442,1,11888
6.18165005828795,37,87.295410472714,1,11889
6.16394219447663,26,59.4188564049511,1,11890
5.02378963169415,29,44.3133812750472,1,11891
5.09387743938908,30,63.2636305307743,1,11892
12.737651650951,51,67.1738475354692,1,11893
12.3050078293677,49,44.3716376453371,1,11894
6.09053693993234,39,88.454135945647,1,11895
1.67280813048855,40,85.7294893709169,0,11896
5.35255341343243,55,82.6385376774251,0,11897
6.61477176843853,33,54.2720659738387,1,11898
4.79455415929708,34,24.0082241930424,1,11899
6.44904382334436,48,109.70876229859,0,11900
6.04829586462778,31,84.4757850894795,1,11901
11.1285083949266,53,75.5136873182949,1,11902
5.15018631567789,39,68.6098021971218,1,11903
2.49255798560306,27,90.3815589061166,0,11904
2.99453867619547,28,47.0740520606773,0,11905
4.76147836777111,33,31.0870006386005,1,11906
4.29762404916387,41,75.2680853391807,1,11907
5.12221469970091,24,52.530207711002,1,11908
6.9461193080109,48,95.8883337466807,1,11909
5.26537517371131,36,71.5661953771044,1,11910
2.35578069833615,30,35.2569092863086,0,11911
7.91502152132794,37,59.3969609860776,1,11912
5.30359293337125,48,73.7802532891423,1,11913
16.4268976953215,71,63.7297355659714,1,11914
3.38455076134789,38,75.3623691188495,0,11915
5.36665079890193,29,100.313021408811,1,11916
4.88173105476087,45,81.2472108142645,1,11917
3.93940780354537,40,48.2233939456219,0,11918
8.2816903416754,34,82.7716144620077,1,11919
3.29498396133874,39,87.3454560007262,0,11920
4.31411694429438,34,32.9501888263596,1,11921
5.75117946629806,55,75.6585239445063,0,11922
8.14270844873942,60,85.4580274317163,1,11923
7.47980986093275,55,63.9419914461552,1,11924
5.06714468745623,50,28.7422609425671,0,11925
4.84388587502184,42,71.003280415108,1,11926
3.51689752976478,51,45.921648232317,0,11927
3.76871071025377,43,58.7761284730512,0,11928
4.9793071533367,37,78.8040270193475,1,11929
5.14800826375776,66,70.5383639615211,0,11930
8.98694383608439,44,92.4378275342876,1,11931
4.24626005552624,38,51.5037790335302,0,11932
3.42360608060395,37,48.6406302996506,0,11933
2.97955381381092,34,68.4994217530876,0,11934
1.07704315757685,18,85.1563299782356,0,11935
3.86093381251903,24,58.1146783730245,1,11936
3.60468298467437,34,81.8407704930656,1,11937
5.62194017983055,36,97.7784974716152,1,11938
9.79234438933244,47,57.5356986400187,1,11939
15.3284593459952,73,73.5788401405262,1,11940
3.38441551271138,49,70.4348443248295,0,11941
12.2582717329517,44,59.6751569865015,1,11942
3.41832413611319,59,64.408464625777,0,11943
2.72604863239523,25,60.8914918202546,0,11944
3.99058774124057,34,98.2758669463019,1,11945
11.5271537015028,52,42.242762048275,1,11946
7.13152000769655,62,77.5621264568105,0,11947
3.86810597419285,36,27.5045647801952,1,11948
4.29992021831112,32,86.0528297254887,1,11949
5.91284332941795,33,82.7215890046771,1,11950
6.03110464416836,34,59.8253737704863,1,11951
7.71543688301349,40,37.2888388748696,1,11952
2.97810025266461,24,103.447790814248,1,11953
4.63929684208702,52,47.0125099983953,0,11954
7.87581371811997,54,31.0267021510851,1,11955
4.36684938936731,46,59.0981193321355,0,11956
2.00227509077286,30,51.6492856724677,0,11957
3.37104335756908,38,37.6004810766024,0,11958
4.55964065129824,48,65.6267238590742,0,11959
8.34009729190418,38,85.9959403707618,1,11960
4.76428017132057,49,58.9570611298508,0,11961
3.11795516087278,22,70.7758392413383,1,11962
5.29965582229662,42,72.4691188660707,1,11963
12.0505501223047,42,66.4366854758518,1,11964
3.05744412617271,30,38.3133165659995,0,11965
1.68891251684343,35,46.4859216639358,0,11966
3.11086761112048,40,44.1277080122044,0,11967
5.37203579771547,35,74.2067773639144,1,11968
6.11990977688099,47,71.7014376594055,0,11969
4.52126787064394,53,75.4346403860426,0,11970
4.60312465766473,36,56.6970106258589,1,11971
4.54713431543639,52,85.3097019255556,0,11972
1.57268138345312,33,81.5106101259429,0,11973
6.29554570618269,42,30.1695372106285,0,11974
2.91623348423253,26,91.237596873155,0,11975
5.6880876171956,48,122.834889120275,1,11976
1.64936800698981,25,72.8216791328396,0,11977
4.15952102359,45,49.8696267773069,0,11978
2.74887887658812,37,91.7015423117959,0,11979
4.64618865285633,42,89.1751474990579,1,11980
3.04619235849825,28,57.6216604551954,0,11981
6.60686094541377,36,51.9479812925723,1,11982
7.89000404656419,47,64.889280682436,1,11983
3.18172641161963,41,74.0694092055014,0,11984
6.2849753498526,33,104.029763356449,1,11985
3.4403133017618,31,56.2614832687154,0,11986
0.620502072868365,23,102.408689668357,0,11987
10.8652542763404,62,52.2584860277578,1,11988
5.37468858846304,58,59.1761936672908,0,11989
5.03068236136133,32,90.6382866211833,1,11990
4.52304097034689,33,98.6872329155622,0,11991
2.48379872705629,34,60.3945518718449,0,11992
8.46937693001792,53,46.8658554607649,1,11993
2.888904055257,19,57.0748577753078,1,11994
7.71101693000201,50,63.1087723194874,1,11995
1.75327564198526,39,130.813912146991,0,11996
1.28038346414314,40,88.736634081478,0,11997
4.6902860522093,36,84.6937089998952,1,11998
6.99033295255791,41,95.721393026059,1,11999
2.64424945951968,37,64.9152810959921,0,12000
1.13306506649389,28,52.990403698285,0,12001
6.1054083778782,35,70.9263449010543,1,12002
7.245150187177,38,71.1938771223902,1,12003
3.21254777115157,29,55.2018061967152,1,12004
7.23943384060743,55,56.6736244118316,1,12005
4.45691684232554,39,68.5093318939483,1,12006
2.81272788374563,28,41.9794359167514,0,12007
3.45865238455769,41,89.5805105396123,0,12008
2.2027982701083,23,73.1984005095158,0,12009
6.28914516056094,53,58.0011163121647,1,12010
6.87334022604707,37,65.5569102557884,1,12011
2.33232859035954,21,90.137650443265,0,12012
5.11637976480424,35,84.2036856813466,1,12013
0.834640453513513,22,67.0531119450172,0,12014
5.19291983205507,46,61.7137772609242,0,12015
6.26464514427524,32,57.9972446912798,1,12016
5.12375361663219,44,97.466009016515,0,12017
6.22133127894134,34,82.5145788993372,1,12018
3.08880960236321,25,40.0135111956804,1,12019
6.06356683842466,43,68.1582899896004,1,12020
10.1868343684876,41,49.9648283543522,1,12021
5.14119019503972,49,56.3231163032031,0,12022
4.27622171273887,33,59.229776111816,0,12023
10.4902285261567,56,75.1759938953533,1,12024
4.07574560416557,46,55.9317979073224,0,12025
3.53832679327293,36,78.2649494753444,0,12026
7.27435928720141,48,80.8950281936105,1,12027
4.92221347763651,40,53.9408605815401,1,12028
2.76875027335675,51,56.8372215019179,0,12029
1.72920688431414,29,75.5160059532934,0,12030
8.43443937180222,50,76.2762482409085,1,12031
3.9835830780129,29,58.2033843108908,0,12032
4.17710825215099,35,91.1521390252658,1,12033
6.26131761639374,37,91.218355300643,1,12034
4.92354251465707,37,50.3218686426189,1,12035
5.4185121084037,51,93.5034632835011,0,12036
5.40674792420593,46,55.2779942263874,1,12037
3.49626915337181,32,36.7297789306353,0,12038
7.0297866368212,58,91.6136358654783,0,12039
3.84748445812456,44,65.2420538439726,0,12040
10.263046510173,42,75.2367196987495,1,12041
3.46866345457782,31,84.0934779089177,0,12042
4.34655181092661,36,49.4277544917591,1,12043
4.75174122457806,48,67.9599432725643,1,12044
10.1280839132994,39,74.9693382954667,1,12045
2.46832721695116,18,60.205288131502,0,12046
23.6827683886215,64,69.5386993878161,1,12047
4.71563985111718,43,37.1137061538152,0,12048
3.66060754398833,25,65.7679764677235,1,12049
4.12827968429478,41,96.2635654197345,0,12050
4.33599153560557,46,57.7297797483103,0,12051
3.66520672361499,35,38.8085026613199,0,12052
7.028201202087,42,57.9110097660347,1,12053
6.83251130643486,32,41.2918092761159,1,12054
7.71521521608752,48,84.3809177923796,1,12055
2.01426897793463,38,67.3587460437298,0,12056
3.81672759380237,45,77.0258807125822,1,12057
10.104716807716,54,53.1193154734231,1,12058
5.12415787465554,29,47.520561424209,1,12059
4.69184924581123,35,90.9538233692396,1,12060
1.01783197610857,18,76.0434882380457,0,12061
3.06694432490318,43,85.7110376502783,0,12062
7.28499101656624,37,72.40027536386,1,12063
8.07009938211969,54,54.4996714312531,1,12064
4.31713221983965,28,72.6537153221284,1,12065
8.05551706671459,67,42.8762116328334,1,12066
2.75789433704676,30,40.7723538728223,1,12067
1.52559080843265,25,61.7255626459979,0,12068
3.99832707470067,33,38.2349225230964,1,12069
6.33731618904415,53,49.6114424070775,1,12070
5.25522017545814,37,73.0896581773343,1,12071
5.75735258950863,39,48.0189666628001,1,12072
5.39775111329782,47,97.8459074684001,1,12073
7.62257130400173,49,46.966992309918,1,12074
7.85247051191753,57,63.8204446311643,0,12075
9.14339239616562,48,66.7465007329743,1,12076
1.99209782162773,17,79.1054977134232,0,12077
1.0509034634924,16,60.2844944811944,0,12078
6.74127673732331,24,77.6247008810022,1,12079
10.7641920865478,50,71.8390836758837,1,12080
5.54784763254204,38,61.3535717318252,1,12081
6.11586695980032,33,65.1521281730401,1,12082
3.71751683769935,39,65.2876278952952,0,12083
7.57401576617481,42,69.8940360575648,1,12084
7.66361040627279,49,56.3174319223263,1,12085
8.09426037022603,54,65.9768238719367,1,12086
2.06783550406547,29,73.7410047519121,1,12087
4.63199427639522,47,104.06775354038,0,12088
3.58290372281289,46,94.0025648415499,0,12089
9.65751846882461,45,63.7631470488836,1,12090
7.02708057638668,33,78.8715722328646,1,12091
3.32682234113632,27,81.9981175406344,1,12092
5.4033356186596,35,65.6384589502866,1,12093
3.03052443359232,38,136.652777462535,0,12094
6.42348430000552,39,81.2111981944871,1,12095
6.26852915624468,59,97.1252568080299,1,12096
2.06308491419587,17,51.5975148549636,0,12097
4.39254207194054,50,64.7022276481392,0,12098
2.04792105567561,29,71.6886824333312,0,12099
6.30284657561586,40,72.8397872649038,1,12100
8.65026983353703,57,45.1878873927573,1,12101
4.60103451298785,32,66.8893456859995,1,12102
3.51161805622435,25,43.9909969258241,1,12103
3.14413775497185,31,71.8762567917136,0,12104
4.81101282802773,48,70.9492745038442,0,12105
6.07312887441756,45,60.0018949793106,1,12106
4.48406044451291,28,71.9550492298749,1,12107
1.62782389880337,40,103.440318379708,0,12108
17.6784485596701,59,51.1488669239208,1,12109
4.65246170285521,24,89.5431048508114,1,12110
2.22262530802796,31,59.280982390896,0,12111
6.49377875148299,32,62.2438588430207,1,12112
5.64672526182374,48,63.8648084867314,1,12113
8.74937285037163,45,90.0388712726674,1,12114
10.3487933205183,58,45.1663705302486,1,12115
2.861340881574,25,50.2789041240244,1,12116
2.5911101548496,26,75.3477700235514,1,12117
2.08894197717441,20,62.5583001227947,0,12118
2.14310702170502,34,81.6503239084398,0,12119
5.30131203561617,59,99.8639772122948,0,12120
4.10045921575526,46,100.553667493906,0,12121
4.60595754525991,37,86.7450333560677,1,12122
3.03662433578941,34,55.3747313546307,1,12123
2.58489635257957,28,67.2541609244443,1,12124
5.70767682233985,18,59.3346977458876,1,12125
2.16530918164541,39,66.7517270384616,0,12126
4.54405816103004,22,75.9979770175577,1,12127
5.13438268487702,56,82.6735375787659,0,12128
3.08464148822912,37,47.2530678695012,0,12129
3.11456527947655,47,78.5555337897716,0,12130
2.40678765238333,34,70.5413403531139,0,12131
7.91316695510183,49,78.3922290754594,1,12132
9.35662659563916,56,102.762593274592,1,12133
6.02358253054415,58,48.058709225688,0,12134
3.25993580971829,39,64.7972460356702,0,12135
3.8163515849686,23,62.7844151509084,1,12136
3.02469062553767,35,67.5833568120368,0,12137
4.12212791377447,46,82.1256621706246,0,12138
6.76277429476295,54,85.497703221962,0,12139
13.3262373959895,57,53.8002296459238,1,12140
9.45821145098458,41,100.698591616347,1,12141
5.85733497188511,40,62.471991888349,1,12142
3.89435542164408,38,87.8316743496676,1,12143
9.0421207449992,40,69.3717186062673,1,12144
10.1180387134346,46,70.9133373921519,1,12145
7.92284410616283,49,48.4682628803672,1,12146
7.10410314933155,44,85.9421844631258,1,12147
6.80609313019743,56,71.2029222061627,0,12148
7.59680756019114,50,84.9497188144142,1,12149
6.78904706559252,41,59.8407442767503,1,12150
2.84681474982743,28,40.8156768112363,1,12151
5.88603380940243,33,60.6719091147722,1,12152
2.88070523553494,33,85.7932244915566,0,12153
5.09751745618642,45,79.9221631683777,1,12154
4.56529317577982,36,63.3307678013001,1,12155
1.03059983001284,33,55.2625576721294,0,12156
4.33755953476446,41,34.3425947917187,0,12157
4.04657771475027,27,88.0909707893141,1,12158
2.97631919913668,37,78.9527325190909,0,12159
7.0107201951065,41,53.5297239292301,1,12160
